,B_Ext,B_Time,B_Humid,TFTime,TFValue,TDiff
0,0.05007177,2021-06-01 00:00:00,89.9,2021-06-01 00:01:00,80,0 days 00:01:00
1,0.041588111,2021-06-01 00:20:00,91.6,2021-06-01 00:18:00,81,0 days 00:02:00
2,0.04927322,2021-06-01 00:35:00,91.6,2021-06-01 00:34:00,88,0 days 00:01:00
3,0.058514892,2021-06-01 00:50:00,93.9,2021-06-01 00:50:00,82,0 days 00:00:00
4,0.065618233,2021-06-01 01:05:00,93.6,2021-06-01 01:07:00,82,0 days 00:02:00
5,0.054976269,2021-06-01 01:25:00,93.8,2021-06-01 01:23:00,88,0 days 00:02:00
6,0.066072019,2021-06-01 01:40:00,92.6,2021-06-01 01:39:00,86,0 days 00:01:00
7,0.083284751,2021-06-01 01:55:00,94.7,2021-06-01 01:56:00,81,0 days 00:01:00
8,0.071100156,2021-06-01 02:10:00,95.5,2021-06-01 02:12:00,80,0 days 00:02:00
9,0.062824594,2021-06-01 02:50:00,97.5,2021-06-01 02:49:00,70,0 days 00:01:00
10,,,,2021-06-01 03:06:00,82,
11,,,,2021-06-01 03:22:00,81,
12,,,,2021-06-01 03:38:00,82,
13,,,,2021-06-01 03:55:00,80,
14,,,,2021-06-01 04:11:00,83,
15,,,,2021-06-01 04:27:00,86,
16,,,,2021-06-01 04:44:00,76,
17,,,,2021-06-01 05:00:00,66,
18,,,,2021-06-01 05:16:00,61,
19,,,,2021-06-01 05:33:00,52,
20,,,,2021-06-01 05:49:00,64,
21,,,,2021-06-01 06:05:00,70,
22,,,,2021-06-01 06:22:00,75,
23,,,,2021-06-01 06:39:00,70,
24,,,,2021-06-01 06:56:00,77,
25,,,,2021-06-01 07:12:00,78,
26,,,,2021-06-01 07:28:00,72,
27,,,,2021-06-01 07:44:00,71,
28,,,,2021-06-01 08:01:00,66,
29,,,,2021-06-01 08:17:00,48,
30,,,,2021-06-01 08:33:00,54,
31,,,,2021-06-01 08:50:00,73,
32,,,,2021-06-01 09:06:00,66,
33,,,,2021-06-01 09:22:00,69,
34,,,,2021-06-01 09:39:00,61,
35,,,,2021-06-01 09:55:00,74,
36,,,,2021-06-01 10:11:00,73,
37,,,,2021-06-01 10:28:00,76,
38,,,,2021-06-01 10:44:00,77,
39,,,,2021-06-01 11:00:00,80,
40,,,,2021-06-01 11:17:00,76,
41,,,,2021-06-01 11:33:00,78,
42,,,,2021-06-01 11:49:00,81,
43,,,,2021-06-01 12:06:00,83,
44,,,,2021-06-01 12:22:00,80,
45,,,,2021-06-01 12:38:00,78,
46,,,,2021-06-01 12:55:00,85,
47,,,,2021-06-01 13:11:00,85,
48,,,,2021-06-01 13:27:00,84,
49,,,,2021-06-01 13:44:00,80,
50,,,,2021-06-01 14:00:00,79,
51,,,,2021-06-01 14:16:00,80,
52,,,,2021-06-01 14:33:00,77,
53,,,,2021-06-01 14:49:00,72,
54,,,,2021-06-01 15:05:00,74,
55,,,,2021-06-01 15:22:00,73,
56,,,,2021-06-01 15:38:00,72,
57,,,,2021-06-01 15:54:00,75,
58,,,,2021-06-01 16:11:00,78,
59,,,,2021-06-01 16:27:00,72,
60,,,,2021-06-01 16:43:00,69,
61,,,,2021-06-01 17:00:00,74,
62,,,,2021-06-01 17:16:00,71,
63,,,,2021-06-01 17:32:00,80,
64,,,,2021-06-01 17:49:00,71,
65,,,,2021-06-01 18:10:00,80,
66,,,,2021-06-01 18:27:00,74,
67,,,,2021-06-01 18:43:00,80,
68,,,,2021-06-01 18:59:00,75,
69,,,,2021-06-01 19:16:00,83,
70,,,,2021-06-01 19:32:00,73,
71,,,,2021-06-01 19:48:00,76,
72,,,,2021-06-01 20:05:00,74,
73,,,,2021-06-01 20:21:00,77,
74,,,,2021-06-01 20:37:00,79,
75,,,,2021-06-01 20:54:00,71,
76,,,,2021-06-01 21:10:00,73,
77,,,,2021-06-01 21:26:00,73,
78,,,,2021-06-01 21:43:00,76,
79,,,,2021-06-01 21:59:00,73,
80,,,,2021-06-01 22:15:00,97,
81,,,,2021-06-01 22:32:00,90,
82,,,,2021-06-01 22:48:00,82,
83,,,,2021-06-01 23:04:00,82,
84,,,,2021-06-01 23:21:00,83,
85,,,,2021-06-01 23:37:00,77,
86,,,,2021-06-01 23:53:00,75,
87,,,,2021-06-02 00:09:00,83,
88,,,,2021-06-02 00:26:00,78,
89,,,,2021-06-02 00:42:00,86,
90,,,,2021-06-02 00:58:00,82,
91,,,,2021-06-02 01:15:00,89,
92,,,,2021-06-02 01:31:00,82,
93,,,,2021-06-02 01:47:00,83,
94,,,,2021-06-02 02:04:00,83,
95,,,,2021-06-02 02:20:00,84,
96,,,,2021-06-02 02:36:00,81,
97,,,,2021-06-02 02:53:00,84,
98,,,,2021-06-02 03:09:00,84,
99,,,,2021-06-02 03:25:00,86,
100,,,,2021-06-02 03:42:00,79,
101,,,,2021-06-02 03:58:00,82,
102,,,,2021-06-02 04:35:00,68,
103,,,,2021-06-02 04:52:00,83,
104,,,,2021-06-02 05:08:00,82,
105,,,,2021-06-02 05:24:00,80,
106,,,,2021-06-02 05:41:00,84,
107,,,,2021-06-02 05:57:00,80,
108,,,,2021-06-02 06:13:00,77,
109,,,,2021-06-02 06:30:00,82,
110,,,,2021-06-02 06:46:00,73,
111,,,,2021-06-02 07:02:00,80,
112,,,,2021-06-02 07:19:00,82,
113,,,,2021-06-02 07:35:00,79,
114,,,,2021-06-02 07:51:00,81,
115,,,,2021-06-02 08:08:00,88,
116,,,,2021-06-02 08:24:00,82,
117,,,,2021-06-02 08:40:00,82,
118,,,,2021-06-02 08:57:00,79,
119,,,,2021-06-02 09:13:00,79,
120,,,,2021-06-02 09:29:00,78,
121,,,,2021-06-02 09:45:00,79,
122,,,,2021-06-02 10:02:00,77,
123,,,,2021-06-02 10:18:00,79,
124,,,,2021-06-02 10:37:00,72,
125,,,,2021-06-02 10:53:00,83,
126,,,,2021-06-02 11:09:00,79,
127,,,,2021-06-02 11:25:00,77,
128,,,,2021-06-02 11:42:00,87,
129,,,,2021-06-02 11:58:00,82,
130,,,,2021-06-02 12:14:00,84,
131,,,,2021-06-02 12:31:00,81,
132,,,,2021-06-02 12:47:00,81,
133,,,,2021-06-02 13:03:00,81,
134,,,,2021-06-02 13:20:00,85,
135,,,,2021-06-02 13:37:00,79,
136,,,,2021-06-02 13:54:00,84,
137,,,,2021-06-02 14:10:00,80,
138,,,,2021-06-02 14:26:00,83,
139,,,,2021-06-02 14:43:00,82,
140,,,,2021-06-02 15:20:00,77,
141,,,,2021-06-02 15:36:00,75,
142,,,,2021-06-02 16:14:00,71,
143,,,,2021-06-02 16:30:00,74,
144,,,,2021-06-02 16:46:00,73,
145,,,,2021-06-02 17:03:00,61,
146,,,,2021-06-02 17:19:00,59,
147,,,,2021-06-02 17:35:00,64,
148,,,,2021-06-02 17:52:00,63,
149,,,,2021-06-02 18:12:00,69,
150,,,,2021-06-02 18:28:00,69,
151,,,,2021-06-02 18:45:00,70,
152,,,,2021-06-02 19:01:00,71,
153,,,,2021-06-02 19:17:00,84,
154,,,,2021-06-02 19:34:00,75,
155,,,,2021-06-02 19:50:00,80,
156,,,,2021-06-02 20:06:00,80,
157,,,,2021-06-02 20:23:00,80,
158,,,,2021-06-02 20:39:00,14,
159,,,,2021-06-02 20:55:00,16,
160,,,,2021-06-02 21:12:00,2380,
161,,,,2021-06-02 21:28:00,1823,
162,,,,2021-06-02 21:44:00,2044,
163,,,,2021-06-02 22:22:00,1850,
164,,,,2021-06-02 22:38:00,2111,
165,,,,2021-06-02 22:54:00,2123,
166,,,,2021-06-02 23:10:00,2432,
167,,,,2021-06-02 23:27:00,2435,
168,,,,2021-06-02 23:43:00,2478,
169,,,,2021-06-02 23:59:00,2430,
170,,,,2021-06-03 00:37:00,2491,
171,,,,2021-06-03 00:53:00,2500,
172,,,,2021-06-03 01:09:00,2515,
173,,,,2021-06-03 01:26:00,2521,
174,,,,2021-06-03 01:42:00,2523,
175,,,,2021-06-03 01:58:00,2527,
176,,,,2021-06-03 02:15:00,2535,
177,,,,2021-06-03 02:31:00,2544,
178,,,,2021-06-03 02:47:00,2549,
179,,,,2021-06-03 03:04:00,2554,
180,,,,2021-06-03 03:20:00,2506,
181,,,,2021-06-03 03:36:00,2557,
182,,,,2021-06-03 03:53:00,2563,
183,,,,2021-06-03 04:09:00,2572,
184,,,,2021-06-03 04:25:00,2516,
185,,,,2021-06-03 04:42:00,2573,
186,,,,2021-06-03 04:58:00,2582,
187,,,,2021-06-03 05:14:00,2584,
188,,,,2021-06-03 05:31:00,2595,
189,,,,2021-06-03 05:47:00,2591,
190,,,,2021-06-03 06:03:00,2603,
191,,,,2021-06-03 06:20:00,2604,
192,,,,2021-06-03 06:36:00,2606,
193,,,,2021-06-03 06:52:00,2609,
194,,,,2021-06-03 07:09:00,2612,
195,,,,2021-06-03 07:25:00,2561,
196,,,,2021-06-03 07:41:00,2614,
197,,,,2021-06-03 07:58:00,2614,
198,,,,2021-06-03 08:14:00,2616,
199,,,,2021-06-03 08:30:00,2623,
200,,,,2021-06-03 08:47:00,2626,
201,,,,2021-06-03 09:03:00,2626,
202,,,,2021-06-03 09:19:00,2631,
203,,,,2021-06-03 09:35:00,2632,
204,,,,2021-06-03 09:52:00,2581,
205,,,,2021-06-03 10:08:00,2631,
206,,,,2021-06-03 10:24:00,2622,
207,,,,2021-06-03 10:41:00,2637,
208,,,,2021-06-03 10:57:00,2635,
209,,,,2021-06-03 11:13:00,2635,
210,,,,2021-06-03 11:30:00,2636,
211,,,,2021-06-03 11:46:00,2635,
212,,,,2021-06-03 12:02:00,2793,
213,,,,2021-06-03 12:19:00,2609,
214,,,,2021-06-03 12:35:00,2682,
215,,,,2021-06-03 12:51:00,2486,
216,,,,2021-06-03 13:08:00,2470,
217,,,,2021-06-03 13:24:00,2454,
218,,,,2021-06-03 13:40:00,2430,
219,,,,2021-06-03 13:57:00,2406,
220,,,,2021-06-03 14:13:00,2389,
221,,,,2021-06-03 14:29:00,2382,
222,,,,2021-06-03 14:46:00,2373,
223,,,,2021-06-03 15:02:00,2369,
224,,,,2021-06-03 15:18:00,2534,
225,,,,2021-06-03 15:35:00,2534,
226,,,,2021-06-03 15:51:00,2479,
227,,,,2021-06-03 16:07:00,2526,
228,,,,2021-06-03 16:24:00,2928,
229,,,,2021-06-03 16:40:00,4441,
230,,,,2021-06-03 16:56:00,4409,
231,,,,2021-06-03 17:13:00,4316,
232,,,,2021-06-03 17:29:00,4367,
233,,,,2021-06-03 18:10:00,3754,
234,,,,2021-06-03 18:27:00,4132,
235,,,,2021-06-03 18:43:00,4158,
236,,,,2021-06-03 18:59:00,4165,
237,,,,2021-06-03 19:16:00,4176,
238,,,,2021-06-03 19:32:00,4184,
239,,,,2021-06-03 19:48:00,4200,
240,,,,2021-06-03 20:05:00,4210,
241,,,,2021-06-03 20:21:00,4203,
242,,,,2021-06-03 20:37:00,4210,
243,,,,2021-06-03 20:54:00,4197,
244,,,,2021-06-03 21:10:00,4187,
245,,,,2021-06-03 21:26:00,4184,
246,,,,2021-06-03 21:43:00,4171,
247,,,,2021-06-03 21:59:00,4170,
248,,,,2021-06-03 22:36:00,3699,
249,,,,2021-06-03 22:53:00,4071,
250,,,,2021-06-03 23:09:00,4168,
251,,,,2021-06-03 23:25:00,4083,
252,,,,2021-06-03 23:42:00,4197,
253,,,,2021-06-03 23:58:00,4202,
254,,,,2021-06-04 00:14:00,4214,
255,,,,2021-06-04 00:30:00,4146,
256,,,,2021-06-04 00:47:00,4217,
257,,,,2021-06-04 01:03:00,4231,
258,,,,2021-06-04 01:19:00,4238,
259,,,,2021-06-04 01:36:00,4244,
260,,,,2021-06-04 01:52:00,4251,
261,,,,2021-06-04 02:08:00,4258,
262,,,,2021-06-04 02:25:00,4263,
263,,,,2021-06-04 02:41:00,4270,
264,,,,2021-06-04 02:57:00,4276,
265,,,,2021-06-04 03:14:00,4286,
266,,,,2021-06-04 03:30:00,4286,
267,,,,2021-06-04 03:46:00,4294,
268,,,,2021-06-04 04:03:00,4293,
269,,,,2021-06-04 04:19:00,4266,
270,,,,2021-06-04 04:35:00,4299,
271,,,,2021-06-04 04:52:00,4304,
272,,,,2021-06-04 05:08:00,4309,
273,,,,2021-06-04 05:24:00,4312,
274,,,,2021-06-04 05:41:00,4315,
275,,,,2021-06-04 06:18:00,3828,
276,,,,2021-06-04 06:34:00,4290,
277,,,,2021-06-04 06:51:00,4319,
278,,,,2021-06-04 07:07:00,4326,
279,,,,2021-06-04 07:23:00,4338,
280,,,,2021-06-04 07:40:00,4331,
281,,,,2021-06-04 07:56:00,4339,
282,,,,2021-06-04 08:12:00,4328,
283,,,,2021-06-04 08:29:00,4339,
284,,,,2021-06-04 08:45:00,4333,
285,,,,2021-06-04 09:01:00,4343,
286,,,,2021-06-04 09:18:00,4250,
287,,,,2021-06-04 09:34:00,4337,
288,,,,2021-06-04 09:50:00,4337,
289,,,,2021-06-04 10:07:00,4346,
290,,,,2021-06-04 10:23:00,4344,
291,,,,2021-06-04 10:39:00,4345,
292,,,,2021-06-04 11:17:00,3849,
293,,,,2021-06-04 11:33:00,4299,
294,,,,2021-06-04 11:49:00,4325,
295,,,,2021-06-04 12:06:00,4325,
296,,,,2021-06-04 12:22:00,4324,
297,,,,2021-06-04 12:38:00,4325,
298,,,,2021-06-04 13:16:00,3820,
299,,,,2021-06-04 13:32:00,4262,
300,,,,2021-06-04 13:48:00,4283,
301,,,,2021-06-04 14:05:00,4275,
302,,,,2021-06-04 14:21:00,4264,
303,,,,2021-06-04 14:37:00,4262,
304,,,,2021-06-04 14:54:00,4246,
305,,,,2021-06-04 15:10:00,4311,
306,,,,2021-06-04 15:26:00,4223,
307,,,,2021-06-04 15:43:00,4204,
308,,,,2021-06-04 15:59:00,4195,
309,,,,2021-06-04 16:15:00,4172,
310,,,,2021-06-04 16:32:00,3401,
311,,,,2021-06-04 16:48:00,3249,
312,,,,2021-06-04 17:04:00,3068,
313,,,,2021-06-04 17:21:00,1809,
314,,,,2021-06-04 17:37:00,1611,
315,,,,2021-06-04 17:53:00,1657,
316,,,,2021-06-04 18:14:00,1223,
317,,,,2021-06-04 18:30:00,1939,
318,,,,2021-06-04 18:46:00,1967,
319,,,,2021-06-04 19:03:00,2709,
320,,,,2021-06-04 19:19:00,2760,
321,,,,2021-06-04 19:35:00,2641,
322,,,,2021-06-04 19:52:00,4955,
323,,,,2021-06-04 20:08:00,32,
324,,,,2021-06-04 20:45:00,26,
325,,,,2021-06-04 21:02:00,11,
326,,,,2021-06-04 21:18:00,27,
327,,,,2021-06-04 21:34:00,23,
328,,,,2021-06-04 21:51:00,22,
329,,,,2021-06-04 22:07:00,19,
330,,,,2021-06-04 22:23:00,20,
331,,,,2021-06-04 22:40:00,11,
332,,,,2021-06-04 23:17:00,24,
333,,,,2021-06-04 23:33:00,13,
334,,,,2021-06-04 23:50:00,10,
335,,,,2021-06-05 00:06:00,7,
336,,,,2021-06-05 00:22:00,9,
337,,,,2021-06-05 00:39:00,11,
338,,,,2021-06-05 00:55:00,10,
339,,,,2021-06-05 01:11:00,13,
340,,,,2021-06-05 01:28:00,9,
341,,,,2021-06-05 01:44:00,11,
342,,,,2021-06-05 02:00:00,11,
343,,,,2021-06-05 02:17:00,8,
344,,,,2021-06-05 02:33:00,12,
345,,,,2021-06-05 02:49:00,12,
346,,,,2021-06-05 03:06:00,10,
347,,,,2021-06-05 03:22:00,13,
348,,,,2021-06-05 03:38:00,9,
349,,,,2021-06-05 03:55:00,12,
350,,,,2021-06-05 04:11:00,10,
351,,,,2021-06-05 04:27:00,12,
352,,,,2021-06-05 04:44:00,11,
353,,,,2021-06-05 05:00:00,10,
354,,,,2021-06-05 05:16:00,10,
355,,,,2021-06-05 05:33:00,14,
356,,,,2021-06-05 05:49:00,10,
357,,,,2021-06-05 06:05:00,11,
358,,,,2021-06-05 06:22:00,15,
359,,,,2021-06-05 06:38:00,9,
360,,,,2021-06-05 06:54:00,13,
361,,,,2021-06-05 07:11:00,11,
362,,,,2021-06-05 07:27:00,11,
363,,,,2021-06-05 07:43:00,13,
364,,,,2021-06-05 07:59:00,15,
365,,,,2021-06-05 08:16:00,8,
366,,,,2021-06-05 08:32:00,11,
367,,,,2021-06-05 08:48:00,9,
368,,,,2021-06-05 09:05:00,13,
369,,,,2021-06-05 09:21:00,9,
370,,,,2021-06-05 09:37:00,16,
371,,,,2021-06-05 09:54:00,11,
372,,,,2021-06-05 10:31:00,70,
373,,,,2021-06-05 10:47:00,632,
374,,,,2021-06-05 11:04:00,26,
375,,,,2021-06-05 11:20:00,1127,
376,,,,2021-06-05 11:36:00,22,
377,,,,2021-06-05 11:53:00,13,
378,,,,2021-06-05 12:09:00,14,
379,,,,2021-06-05 12:25:00,15,
380,,,,2021-06-05 12:42:00,21,
381,,,,2021-06-05 12:58:00,13,
382,,,,2021-06-05 13:14:00,17,
383,,,,2021-06-05 13:31:00,18,
384,,,,2021-06-05 13:47:00,18,
385,,,,2021-06-05 14:03:00,10762,
386,,,,2021-06-05 14:20:00,20,
387,,,,2021-06-05 14:36:00,17,
388,,,,2021-06-05 14:52:00,22,
389,,,,2021-06-05 15:09:00,21,
390,,,,2021-06-05 15:25:00,22,
391,,,,2021-06-05 15:41:00,18,
392,,,,2021-06-05 15:58:00,19,
393,,,,2021-06-05 16:14:00,18,
394,,,,2021-06-05 16:30:00,26,
395,,,,2021-06-05 16:47:00,19,
396,,,,2021-06-05 17:03:00,16,
397,,,,2021-06-05 17:19:00,19,
398,,,,2021-06-05 17:36:00,14,
399,,,,2021-06-05 18:17:00,36,
400,,,,2021-06-05 18:33:00,20,
401,,,,2021-06-05 18:50:00,23,
402,,,,2021-06-05 19:06:00,22,
403,,,,2021-06-05 19:22:00,20,
404,,,,2021-06-05 19:39:00,19,
405,,,,2021-06-05 19:55:00,24,
406,,,,2021-06-05 20:11:00,22,
407,,,,2021-06-05 20:28:00,19,
408,,,,2021-06-05 20:44:00,24,
409,,,,2021-06-05 21:00:00,21,
410,,,,2021-06-05 21:16:00,18,
411,,,,2021-06-05 21:33:00,17,
412,,,,2021-06-05 21:49:00,23,
413,,,,2021-06-05 22:05:00,20,
414,,,,2021-06-05 22:22:00,20,
415,,,,2021-06-05 22:38:00,26,
416,,,,2021-06-05 22:55:00,0,
417,,,,2021-06-05 23:11:00,0,
418,,,,2021-06-05 23:48:00,23,
419,,,,2021-06-06 00:05:00,8,
420,,,,2021-06-06 00:21:00,7,
421,,,,2021-06-06 00:37:00,7,
422,,,,2021-06-06 00:54:00,8,
423,,,,2021-06-06 01:10:00,7,
424,,,,2021-06-06 01:48:00,15,
425,,,,2021-06-06 02:04:00,6,
426,,,,2021-06-06 02:20:00,7,
427,,,,2021-06-06 02:36:00,11,
428,,,,2021-06-06 03:14:00,16,
429,,,,2021-06-06 03:30:00,11,
430,,,,2021-06-06 03:46:00,8,
431,,,,2021-06-06 04:03:00,10,
432,,,,2021-06-06 04:19:00,13,
433,,,,2021-06-06 04:35:00,11,
434,,,,2021-06-06 04:52:00,13,
435,,,,2021-06-06 05:08:00,14,
436,,,,2021-06-06 05:24:00,12,
437,,,,2021-06-06 05:41:00,13,
438,,,,2021-06-06 05:57:00,16,
439,,,,2021-06-06 06:13:00,7,
440,,,,2021-06-06 06:30:00,13,
441,,,,2021-06-06 06:46:00,13,
442,,,,2021-06-06 07:03:00,10,
443,,,,2021-06-06 07:19:00,14,
444,,,,2021-06-06 07:35:00,12,
445,,,,2021-06-06 07:52:00,10,
446,,,,2021-06-06 08:08:00,9,
447,,,,2021-06-06 08:24:00,6,
448,,,,2021-06-06 08:41:00,15,
449,,,,2021-06-06 08:57:00,8,
450,,,,2021-06-06 09:13:00,14,
451,,,,2021-06-06 09:30:00,15,
452,,,,2021-06-06 09:46:00,10,
453,,,,2021-06-06 10:02:00,12,
454,,,,2021-06-06 10:19:00,17,
455,,,,2021-06-06 10:35:00,30,
456,,,,2021-06-06 10:51:00,36,
457,,,,2021-06-06 11:08:00,28,
458,,,,2021-06-06 11:24:00,1140,
459,,,,2021-06-06 11:40:00,19,
460,,,,2021-06-06 11:57:00,17,
461,,,,2021-06-06 12:13:00,12,
462,,,,2021-06-06 12:29:00,18,
463,,,,2021-06-06 12:46:00,17,
464,,,,2021-06-06 13:02:00,15,
465,,,,2021-06-06 13:18:00,12,
466,,,,2021-06-06 13:34:00,16,
467,,,,2021-06-06 13:51:00,27,
468,,,,2021-06-06 14:07:00,18,
469,,,,2021-06-06 14:24:00,17,
470,,,,2021-06-06 14:40:00,24,
471,,,,2021-06-06 14:56:00,18,
472,,,,2021-06-06 15:12:00,22,
473,,,,2021-06-06 15:29:00,17,
474,,,,2021-06-06 15:45:00,17,
475,,,,2021-06-06 16:01:00,25,
476,,,,2021-06-06 16:18:00,21,
477,,,,2021-06-06 16:34:00,15,
478,,,,2021-06-06 16:50:00,15,
479,,,,2021-06-06 17:07:00,14,
480,,,,2021-06-06 17:23:00,21,
481,,,,2021-06-06 17:39:00,24,
482,,,,2021-06-06 17:56:00,22,
483,,,,2021-06-06 18:16:00,34,
484,,,,2021-06-06 18:32:00,23,
485,,,,2021-06-06 18:49:00,19,
486,,,,2021-06-06 19:05:00,31,
487,,,,2021-06-06 19:21:00,20,
488,,,,2021-06-06 19:38:00,16,
489,,,,2021-06-06 19:54:00,23,
490,,,,2021-06-06 20:10:00,20,
491,,,,2021-06-06 20:27:00,31,
492,,,,2021-06-06 20:43:00,24,
493,,,,2021-06-06 20:59:00,24,
494,,,,2021-06-06 21:16:00,20,
495,,,,2021-06-06 21:32:00,24,
496,,,,2021-06-06 21:48:00,22,
497,,,,2021-06-06 22:05:00,22,
498,,,,2021-06-06 22:21:00,19,
499,,,,2021-06-06 22:37:00,18,
500,,,,2021-06-06 22:54:00,17,
501,,,,2021-06-06 23:10:00,0,
502,,,,2021-06-06 23:27:00,0,
503,,,,2021-06-06 23:43:00,13,
504,,,,2021-06-06 23:59:00,9,
505,,,,2021-06-07 00:16:00,9,
506,,,,2021-06-07 00:32:00,11,
507,,,,2021-06-07 00:48:00,9,
508,,,,2021-06-07 01:05:00,7,
509,,,,2021-06-07 01:21:00,8,
510,,,,2021-06-07 01:37:00,9,
511,,,,2021-06-07 02:15:00,18,
512,,,,2021-06-07 02:31:00,12,
513,,,,2021-06-07 02:47:00,9,
514,,,,2021-06-07 03:04:00,7,
515,,,,2021-06-07 03:20:00,12,
516,,,,2021-06-07 03:36:00,12,
517,,,,2021-06-07 03:53:00,7,
518,,,,2021-06-07 04:09:00,12,
519,,,,2021-06-07 04:46:00,10,
520,,,,2021-06-07 05:03:00,8,
521,,,,2021-06-07 05:19:00,15,
522,,,,2021-06-07 05:35:00,8,
523,,,,2021-06-07 05:51:00,12,
524,,,,2021-06-07 06:08:00,11,
525,,,,2021-06-07 06:24:00,12,
526,,,,2021-06-07 06:40:00,9,
527,,,,2021-06-07 06:57:00,11,
528,,,,2021-06-07 07:13:00,10,
529,,,,2021-06-07 07:29:00,10,
530,,,,2021-06-07 07:46:00,13,
531,,,,2021-06-07 08:02:00,10,
532,,,,2021-06-07 08:18:00,10,
533,,,,2021-06-07 08:35:00,12,
534,,,,2021-06-07 08:51:00,14,
535,,,,2021-06-07 09:07:00,62,
536,,,,2021-06-07 09:24:00,7,
537,,,,2021-06-07 09:40:00,11,
538,,,,2021-06-07 09:56:00,16,
539,,,,2021-06-07 10:13:00,8,
540,,,,2021-06-07 10:29:00,15,
541,,,,2021-06-07 10:45:00,87,
542,,,,2021-06-07 11:02:00,23,
543,,,,2021-06-07 11:18:00,11,
544,,,,2021-06-07 11:34:00,17,
545,,,,2021-06-07 11:51:00,16,
546,,,,2021-06-07 12:07:00,13,
547,,,,2021-06-07 12:23:00,21,
548,,,,2021-06-07 12:40:00,11,
549,,,,2021-06-07 12:56:00,9,
550,,,,2021-06-07 13:12:00,11,
551,,,,2021-06-07 13:29:00,12,
552,,,,2021-06-07 13:45:00,13,
553,,,,2021-06-07 14:01:00,18,
554,,,,2021-06-07 14:17:00,20,
555,,,,2021-06-07 14:34:00,27,
556,,,,2021-06-07 14:50:00,19,
557,,,,2021-06-07 15:06:00,29,
558,,,,2021-06-07 15:23:00,28,
559,,,,2021-06-07 15:39:00,21,
560,,,,2021-06-07 15:55:00,13,
561,,,,2021-06-07 16:12:00,21,
562,,,,2021-06-07 16:28:00,20,
563,,,,2021-06-07 16:44:00,20,
564,,,,2021-06-07 17:01:00,16,
565,,,,2021-06-07 17:17:00,18,
566,,,,2021-06-07 17:33:00,14,
567,,,,2021-06-07 17:50:00,17,
568,,,,2021-06-07 18:06:00,21,
569,,,,2021-06-07 18:26:00,37,
570,,,,2021-06-07 18:43:00,20,
571,,,,2021-06-07 18:59:00,26,
572,,,,2021-06-07 19:16:00,27,
573,,,,2021-06-07 19:32:00,22,
574,,,,2021-06-07 19:48:00,21,
575,,,,2021-06-07 20:05:00,24,
576,,,,2021-06-07 20:21:00,28,
577,,,,2021-06-07 20:38:00,21,
578,,,,2021-06-07 20:54:00,18,
579,,,,2021-06-07 21:10:00,17,
580,,,,2021-06-07 21:27:00,19,
581,,,,2021-06-07 21:43:00,26,
582,,,,2021-06-07 21:59:00,23,
583,,,,2021-06-07 22:17:00,34,
584,,,,2021-06-07 22:32:00,0,
585,,,,2021-06-07 22:48:00,7,
586,,,,2021-06-07 23:05:00,14,
587,,,,2021-06-07 23:21:00,17,
588,,,,2021-06-07 23:37:00,10,
589,,,,2021-06-07 23:54:00,9,
590,,,,2021-06-08 00:10:00,6,
591,,,,2021-06-08 00:26:00,13,
592,,,,2021-06-08 00:43:00,10,
593,,,,2021-06-08 00:59:00,13,
594,,,,2021-06-08 01:15:00,12,
595,,,,2021-06-08 01:32:00,6,
596,,,,2021-06-08 01:48:00,8,
597,,,,2021-06-08 02:04:00,6,
598,,,,2021-06-08 02:21:00,9,
599,,,,2021-06-08 02:37:00,7,
600,,,,2021-06-08 02:53:00,8,
601,,,,2021-06-08 03:10:00,11,
602,,,,2021-06-08 03:26:00,7,
603,,,,2021-06-08 03:42:00,9,
604,,,,2021-06-08 03:59:00,8,
605,,,,2021-06-08 04:15:00,11,
606,,,,2021-06-08 04:31:00,10,
607,,,,2021-06-08 04:48:00,8,
608,,,,2021-06-08 05:04:00,12,
609,,,,2021-06-08 05:20:00,8,
610,,,,2021-06-08 05:37:00,10,
611,,,,2021-06-08 05:53:00,12,
612,,,,2021-06-08 06:09:00,10,
613,,,,2021-06-08 06:26:00,10,
614,,,,2021-06-08 06:42:00,9,
615,,,,2021-06-08 06:58:00,13,
616,,,,2021-06-08 07:15:00,9,
617,,,,2021-06-08 07:31:00,10,
618,,,,2021-06-08 07:47:00,9,
619,,,,2021-06-08 08:04:00,11,
620,,,,2021-06-08 08:20:00,8,
621,,,,2021-06-08 08:36:00,8,
622,,,,2021-06-08 08:52:00,9,
623,,,,2021-06-08 09:09:00,11,
624,,,,2021-06-08 09:25:00,11,
625,,,,2021-06-08 09:41:00,7,
626,,,,2021-06-08 09:58:00,8,
627,,,,2021-06-08 10:16:00,14,
628,,,,2021-06-08 10:30:00,9,
629,,,,2021-06-08 10:47:00,15,
630,,,,2021-06-08 11:03:00,13,
631,,,,2021-06-08 11:19:00,11,
632,,,,2021-06-08 11:36:00,14,
633,,,,2021-06-08 11:52:00,8,
634,,,,2021-06-08 12:08:00,10,
635,,,,2021-06-08 12:25:00,8,
636,,,,2021-06-08 12:41:00,12,
637,,,,2021-06-08 12:57:00,15,
638,,,,2021-06-08 13:14:00,9,
639,,,,2021-06-08 13:30:00,8,
640,,,,2021-06-08 13:46:00,18,
641,,,,2021-06-08 14:03:00,24,
642,,,,2021-06-08 14:19:00,23,
643,,,,2021-06-08 14:35:00,17,
644,,,,2021-06-08 14:52:00,24,
645,,,,2021-06-08 15:08:00,17,
646,,,,2021-06-08 15:24:00,25,
647,,,,2021-06-08 15:41:00,22,
648,,,,2021-06-08 15:57:00,22,
649,,,,2021-06-08 16:13:00,21,
650,,,,2021-06-08 16:30:00,18,
651,,,,2021-06-08 16:46:00,21,
652,,,,2021-06-08 17:02:00,14,
653,,,,2021-06-08 17:19:00,23,
654,,,,2021-06-08 17:35:00,20,
655,,,,2021-06-08 17:51:00,24,
656,,,,2021-06-08 18:07:00,16,
657,,,,2021-06-08 18:28:00,36,
658,,,,2021-06-08 18:44:00,21,
659,,,,2021-06-08 19:00:00,29,
660,,,,2021-06-08 19:17:00,25,
661,,,,2021-06-08 19:33:00,30,
662,,,,2021-06-08 19:49:00,22,
663,,,,2021-06-08 20:06:00,27,
664,,,,2021-06-08 20:22:00,33,
665,,,,2021-06-08 20:38:00,26,
666,,,,2021-06-08 20:55:00,22,
667,,,,2021-06-08 21:11:00,26,
668,,,,2021-06-08 21:27:00,22,
669,,,,2021-06-08 21:44:00,14,
670,,,,2021-06-08 22:00:00,14,
671,,,,2021-06-08 22:16:00,10,
672,,,,2021-06-08 22:33:00,16,
673,,,,2021-06-08 22:49:00,17,
674,,,,2021-06-08 23:26:00,32,
675,,,,2021-06-08 23:43:00,10,
676,,,,2021-06-08 23:59:00,8,
677,,,,2021-06-09 00:15:00,12,
678,,,,2021-06-09 00:32:00,9,
679,,,,2021-06-09 00:48:00,9,
680,,,,2021-06-09 01:04:00,8,
681,,,,2021-06-09 01:21:00,10,
682,,,,2021-06-09 01:37:00,13,
683,,,,2021-06-09 01:53:00,8,
684,,,,2021-06-09 02:09:00,8,
685,,,,2021-06-09 02:26:00,9,
686,,,,2021-06-09 02:42:00,8,
687,,,,2021-06-09 02:58:00,11,
688,,,,2021-06-09 03:36:00,16,
689,,,,2021-06-09 03:52:00,10,
690,,,,2021-06-09 04:08:00,13,
691,,,,2021-06-09 04:25:00,11,
692,,,,2021-06-09 04:41:00,12,
693,,,,2021-06-09 04:57:00,6,
694,,,,2021-06-09 05:14:00,13,
695,,,,2021-06-09 05:30:00,10,
696,,,,2021-06-09 05:46:00,10,
697,,,,2021-06-09 06:04:00,9,
698,,,,2021-06-09 06:20:00,8,
699,,,,2021-06-09 06:37:00,9,
700,,,,2021-06-09 06:53:00,11,
701,,,,2021-06-09 07:10:00,11,
702,,,,2021-06-09 07:26:00,15,
703,,,,2021-06-09 07:42:00,12,
704,,,,2021-06-09 07:59:00,9,
705,,,,2021-06-09 08:15:00,11,
706,,,,2021-06-09 08:31:00,9,
707,,,,2021-06-09 08:48:00,12,
708,,,,2021-06-09 09:04:00,9,
709,,,,2021-06-09 09:20:00,9,
710,,,,2021-06-09 09:37:00,12,
711,,,,2021-06-09 09:53:00,12,
712,,,,2021-06-09 10:10:00,9,
713,,,,2021-06-09 11:29:00,37,
714,,,,2021-06-09 11:45:00,17,
715,,,,2021-06-09 12:02:00,12,
716,,,,2021-06-09 12:18:00,15,
717,,,,2021-06-09 12:34:00,18,
718,,,,2021-06-09 12:51:00,15,
719,,,,2021-06-09 13:07:00,16,
720,,,,2021-06-09 13:23:00,17,
721,,,,2021-06-09 13:40:00,13,
722,,,,2021-06-09 13:56:00,14,
723,,,,2021-06-09 14:12:00,19,
724,,,,2021-06-09 14:29:00,29,
725,,,,2021-06-09 14:45:00,27,
726,,,,2021-06-09 15:01:00,20,
727,,,,2021-06-09 15:18:00,18,
728,,,,2021-06-09 15:34:00,28,
729,,,,2021-06-09 15:50:00,25,
730,,,,2021-06-09 16:07:00,17,
731,,,,2021-06-09 16:23:00,17,
732,,,,2021-06-09 16:39:00,19,
733,,,,2021-06-09 16:56:00,21,
734,,,,2021-06-09 17:12:00,13,
735,,,,2021-06-09 17:28:00,20,
736,,,,2021-06-09 17:45:00,22,
737,,,,2021-06-09 18:01:00,23,
738,,,,2021-06-09 18:17:00,20,
739,,,,2021-06-09 18:34:00,26,
740,,,,2021-06-09 18:50:00,11,
741,,,,2021-06-09 19:06:00,18,
742,,,,2021-06-09 19:23:00,21,
743,,,,2021-06-09 19:39:00,19,
744,,,,2021-06-09 19:55:00,12,
745,,,,2021-06-09 20:12:00,19,
746,,,,2021-06-09 20:28:00,12,
747,,,,2021-06-09 20:44:00,12,
748,,,,2021-06-09 21:00:00,10,
749,,,,2021-06-09 21:17:00,9,
750,,,,2021-06-09 21:33:00,11,
751,,,,2021-06-09 21:49:00,11,
752,,,,2021-06-09 22:06:00,15,
753,,,,2021-06-10 00:49:00,15,
754,,,,2021-06-10 01:06:00,8,
755,,,,2021-06-10 01:22:00,10,
756,,,,2021-06-10 01:38:00,12,
757,,,,2021-06-10 01:54:00,14,
758,,,,2021-06-10 02:11:00,6,
759,,,,2021-06-10 02:27:00,11,
760,,,,2021-06-10 02:43:00,10,
761,,,,2021-06-10 03:00:00,11,
762,,,,2021-06-10 03:16:00,8,
763,,,,2021-06-10 03:32:00,11,
764,,,,2021-06-10 03:49:00,10,
765,,,,2021-06-10 04:05:00,11,
766,,,,2021-06-10 04:21:00,11,
767,,,,2021-06-10 04:39:00,7,
768,,,,2021-06-10 04:55:00,7,
769,,,,2021-06-10 05:12:00,12,
770,,,,2021-06-10 05:28:00,8,
771,,,,2021-06-10 05:44:00,9,
772,,,,2021-06-10 06:01:00,13,
773,,,,2021-06-10 06:17:00,7,
774,,,,2021-06-10 06:33:00,10,
775,,,,2021-06-10 06:50:00,9,
776,,,,2021-06-10 07:06:00,12,
777,,,,2021-06-10 07:23:00,15,
778,,,,2021-06-10 07:39:00,8,
779,,,,2021-06-10 07:55:00,9,
780,,,,2021-06-10 08:12:00,9,
781,,,,2021-06-10 08:28:00,11,
782,,,,2021-06-10 08:44:00,30,
783,,,,2021-06-10 09:01:00,135,
784,,,,2021-06-10 09:17:00,10,
785,,,,2021-06-10 09:33:00,11,
786,,,,2021-06-10 09:49:00,10,
787,,,,2021-06-10 10:06:00,8,
788,,,,2021-06-10 10:22:00,10,
789,,,,2021-06-10 10:38:00,16,
790,,,,2021-06-10 10:55:00,17,
791,,,,2021-06-10 11:11:00,21,
792,,,,2021-06-10 11:27:00,17,
793,,,,2021-06-10 11:44:00,23,
794,,,,2021-06-10 12:00:00,9,
795,,,,2021-06-10 12:16:00,12,
796,,,,2021-06-10 12:33:00,19,
797,,,,2021-06-10 12:49:00,15,
798,,,,2021-06-10 13:05:00,18,
799,,,,2021-06-10 13:22:00,13,
800,,,,2021-06-10 13:38:00,15,
801,,,,2021-06-10 14:15:00,34,
802,,,,2021-06-10 14:32:00,25,
803,,,,2021-06-10 14:48:00,22,
804,,,,2021-06-10 15:04:00,23,
805,,,,2021-06-10 15:21:00,21,
806,,,,2021-06-10 15:37:00,23,
807,,,,2021-06-10 15:53:00,20,
808,,,,2021-06-10 16:10:00,20,
809,,,,2021-06-10 16:26:00,25,
810,,,,2021-06-10 16:42:00,20,
811,,,,2021-06-10 16:59:00,18,
812,,,,2021-06-10 17:15:00,23,
813,,,,2021-06-10 17:31:00,30,
814,,,,2021-06-10 17:48:00,16,
815,,,,2021-06-10 18:04:00,23,
816,,,,2021-06-10 18:20:00,19,
817,,,,2021-06-10 18:37:00,16,
818,,,,2021-06-10 18:53:00,21,
819,,,,2021-06-10 19:09:00,26,
820,,,,2021-06-10 19:26:00,20,
821,,,,2021-06-10 19:42:00,17,
822,,,,2021-06-10 19:58:00,13,
823,,,,2021-06-10 20:14:00,18,
824,,,,2021-06-10 20:31:00,18,
825,,,,2021-06-10 20:47:00,16,
826,,,,2021-06-10 21:03:00,11,
827,,,,2021-06-10 21:20:00,12,
828,,,,2021-06-10 21:36:00,15,
829,,,,2021-06-10 21:52:00,13,
830,,,,2021-06-10 22:09:00,25,
831,,,,2021-06-10 22:25:00,12,
832,,,,2021-06-10 22:41:00,14,
833,,,,2021-06-10 22:58:00,13,
834,,,,2021-06-10 23:14:00,10,
835,,,,2021-06-10 23:30:00,13,
836,,,,2021-06-10 23:47:00,8,
837,,,,2021-06-11 00:03:00,12,
838,,,,2021-06-11 00:19:00,7,
839,,,,2021-06-11 00:36:00,7,
840,,,,2021-06-11 00:52:00,12,
841,,,,2021-06-11 01:08:00,9,
842,,,,2021-06-11 01:25:00,9,
843,,,,2021-06-11 01:41:00,10,
844,,,,2021-06-11 01:57:00,8,
845,,,,2021-06-11 02:14:00,7,
846,,,,2021-06-11 02:30:00,12,
847,,,,2021-06-11 02:46:00,9,
848,,,,2021-06-11 03:03:00,8,
849,,,,2021-06-11 03:19:00,12,
850,,,,2021-06-11 03:35:00,9,
851,,,,2021-06-11 03:52:00,11,
852,,,,2021-06-11 04:08:00,10,
853,,,,2021-06-11 04:24:00,10,
854,,,,2021-06-11 04:41:00,10,
855,,,,2021-06-11 04:57:00,10,
856,,,,2021-06-11 05:13:00,10,
857,,,,2021-06-11 05:30:00,10,
858,,,,2021-06-11 05:46:00,10,
859,,,,2021-06-11 06:02:00,10,
860,,,,2021-06-11 06:19:00,10,
861,,,,2021-06-11 06:35:00,12,
862,,,,2021-06-11 06:51:00,8,
863,,,,2021-06-11 07:08:00,11,
864,,,,2021-06-11 07:24:00,10,
865,,,,2021-06-11 07:40:00,11,
866,,,,2021-06-11 07:56:00,4,
867,,,,2021-06-11 08:13:00,10,
868,,,,2021-06-11 08:29:00,12,
869,,,,2021-06-11 08:45:00,14,
870,,,,2021-06-11 09:23:00,16,
871,,,,2021-06-11 09:39:00,11,
872,,,,2021-06-11 09:55:00,11,
873,,,,2021-06-11 10:12:00,15,
874,,,,2021-06-11 10:28:00,8,
875,,,,2021-06-11 10:44:00,11,
876,,,,2021-06-11 11:01:00,10,
877,,,,2021-06-11 11:17:00,10,
878,,,,2021-06-11 11:33:00,7,
879,,,,2021-06-11 11:50:00,10,
880,,,,2021-06-11 12:06:00,11,
881,,,,2021-06-11 12:22:00,12,
882,,,,2021-06-11 12:39:00,11,
883,,,,2021-06-11 12:55:00,9,
884,,,,2021-06-11 13:11:00,13,
885,,,,2021-06-11 13:28:00,8,
886,,,,2021-06-11 13:44:00,8,
887,,,,2021-06-11 14:00:00,8,
888,,,,2021-06-11 14:17:00,14,
889,,,,2021-06-11 14:33:00,8,
890,,,,2021-06-11 14:49:00,7,
891,,,,2021-06-11 15:06:00,11,
892,,,,2021-06-11 15:22:00,8,
893,,,,2021-06-11 15:38:00,12,
894,,,,2021-06-11 15:55:00,14,
895,,,,2021-06-11 16:11:00,12,
896,,,,2021-06-11 16:27:00,9,
897,,,,2021-06-11 16:44:00,21,
898,,,,2021-06-11 17:00:00,24,
899,,,,2021-06-11 17:16:00,11,
900,,,,2021-06-11 17:33:00,14,
901,,,,2021-06-11 17:49:00,17,
902,,,,2021-06-11 18:05:00,11,
903,,,,2021-06-11 18:22:00,9,
904,,,,2021-06-11 18:59:00,13,
905,,,,2021-06-11 19:15:00,12,
906,,,,2021-06-11 19:32:00,8,
907,,,,2021-06-11 19:48:00,11,
908,,,,2021-06-11 20:04:00,8,
909,,,,2021-06-11 20:20:00,9,
910,,,,2021-06-11 20:58:00,14,
911,,,,2021-06-11 21:35:00,13,
912,,,,2021-06-11 21:51:00,12,
913,,,,2021-06-11 22:08:00,11,
914,,,,2021-06-11 22:24:00,16,
915,,,,2021-06-11 22:40:00,11,
916,,,,2021-06-11 22:57:00,19,
917,,,,2021-06-11 23:13:00,15,
918,,,,2021-06-11 23:29:00,11,
919,,,,2021-06-11 23:46:00,27,
920,,,,2021-06-12 00:02:00,18,
921,,,,2021-06-12 00:18:00,13,
922,,,,2021-06-12 00:35:00,14,
923,,,,2021-06-12 00:51:00,10,
924,,,,2021-06-12 01:07:00,8,
925,,,,2021-06-12 01:24:00,10,
926,,,,2021-06-12 01:40:00,12,
927,,,,2021-06-12 01:56:00,9,
928,,,,2021-06-12 02:13:00,12,
929,,,,2021-06-12 02:29:00,10,
930,,,,2021-06-12 02:45:00,15,
931,,,,2021-06-12 03:23:00,15,
932,,,,2021-06-12 03:39:00,8,
933,,,,2021-06-12 03:55:00,7,
934,,,,2021-06-12 04:33:00,14,
935,,,,2021-06-12 04:49:00,12,
936,,,,2021-06-12 05:05:00,11,
937,,,,2021-06-12 05:22:00,11,
938,,,,2021-06-12 05:38:00,10,
939,,,,2021-06-12 05:54:00,12,
940,,,,2021-06-12 06:11:00,8,
941,,,,2021-06-12 06:27:00,9,
942,,,,2021-06-12 06:43:00,14,
943,,,,2021-06-12 07:00:00,9,
944,,,,2021-06-12 07:16:00,8,
945,,,,2021-06-12 07:32:00,13,
946,,,,2021-06-12 07:49:00,9,
947,,,,2021-06-12 08:05:00,12,
948,,,,2021-06-12 08:21:00,10,
949,,,,2021-06-12 08:38:00,10,
950,,,,2021-06-12 08:54:00,11,
951,,,,2021-06-12 09:10:00,11,
952,,,,2021-06-12 09:27:00,12,
953,,,,2021-06-12 09:43:00,13,
954,,,,2021-06-12 09:59:00,10,
955,,,,2021-06-12 10:15:00,11,
956,,,,2021-06-12 10:32:00,7,
957,,,,2021-06-12 10:48:00,12,
958,,,,2021-06-12 11:04:00,9,
959,,,,2021-06-12 11:21:00,10,
960,,,,2021-06-12 11:37:00,9,
961,,,,2021-06-12 11:53:00,10,
962,,,,2021-06-12 12:10:00,11,
963,,,,2021-06-12 12:26:00,6,
964,,,,2021-06-12 12:42:00,10,
965,,,,2021-06-12 12:59:00,11,
966,,,,2021-06-12 13:36:00,18,
967,,,,2021-06-12 13:52:00,9,
968,,,,2021-06-12 14:09:00,8,
969,,,,2021-06-12 14:25:00,8,
970,,,,2021-06-12 14:41:00,11,
971,,,,2021-06-12 14:58:00,11,
972,,,,2021-06-12 15:14:00,10,
973,,,,2021-06-12 15:30:00,11,
974,,,,2021-06-12 15:47:00,16,
975,,,,2021-06-12 16:03:00,15,
976,,,,2021-06-12 16:19:00,21,
977,,,,2021-06-12 16:36:00,19,
978,,,,2021-06-12 17:13:00,34,
979,,,,2021-06-12 17:29:00,18,
980,,,,2021-06-12 17:46:00,24,
981,,,,2021-06-12 18:02:00,25,
982,,,,2021-06-12 18:18:00,19,
983,,,,2021-06-12 18:35:00,19,
984,,,,2021-06-12 18:51:00,15,
985,,,,2021-06-12 19:07:00,18,
986,,,,2021-06-12 19:24:00,13,
987,,,,2021-06-12 19:40:00,19,
988,,,,2021-06-12 19:56:00,18,
989,,,,2021-06-12 20:13:00,15,
990,,,,2021-06-12 20:29:00,15,
991,,,,2021-06-12 20:45:00,14,
992,,,,2021-06-12 21:02:00,13,
993,,,,2021-06-12 21:18:00,14,
994,,,,2021-06-12 21:34:00,18,
995,,,,2021-06-12 21:51:00,20,
996,,,,2021-06-12 22:07:00,19,
997,,,,2021-06-12 22:23:00,18,
998,,,,2021-06-12 22:40:00,21,
999,,,,2021-06-12 22:56:00,14,
1000,,,,2021-06-12 23:12:00,13,
1001,,,,2021-06-12 23:28:00,9,
1002,,,,2021-06-12 23:45:00,12,
1003,,,,2021-06-13 00:01:00,10,
1004,,,,2021-06-13 00:17:00,9,
1005,,,,2021-06-13 00:34:00,12,
1006,,,,2021-06-13 00:50:00,11,
1007,,,,2021-06-13 01:06:00,14,
1008,,,,2021-06-13 01:23:00,12,
1009,,,,2021-06-13 01:39:00,11,
1010,,,,2021-06-13 01:55:00,9,
1011,,,,2021-06-13 02:12:00,13,
1012,,,,2021-06-13 02:28:00,13,
1013,,,,2021-06-13 02:44:00,14,
1014,,,,2021-06-13 03:01:00,9,
1015,,,,2021-06-13 03:17:00,15,
1016,,,,2021-06-13 03:33:00,10,
1017,,,,2021-06-13 03:50:00,11,
1018,,,,2021-06-13 04:06:00,14,
1019,,,,2021-06-13 04:22:00,9,
1020,,,,2021-06-13 04:39:00,14,
1021,,,,2021-06-13 04:55:00,15,
1022,,,,2021-06-13 05:11:00,11,
1023,,,,2021-06-13 05:28:00,11,
1024,,,,2021-06-13 05:44:00,14,
1025,,,,2021-06-13 06:00:00,11,
1026,,,,2021-06-13 06:17:00,14,
1027,,,,2021-06-13 06:33:00,15,
1028,,,,2021-06-13 06:49:00,12,
1029,,,,2021-06-13 07:06:00,12,
1030,,,,2021-06-13 07:22:00,15,
1031,,,,2021-06-13 07:38:00,8,
1032,,,,2021-06-13 07:55:00,12,
1033,,,,2021-06-13 08:11:00,11,
1034,,,,2021-06-13 08:27:00,13,
1035,,,,2021-06-13 08:44:00,12,
1036,,,,2021-06-13 09:00:00,14,
1037,,,,2021-06-13 09:16:00,9,
1038,,,,2021-06-13 09:33:00,12,
1039,,,,2021-06-13 09:49:00,12,
1040,,,,2021-06-13 10:05:00,9,
1041,,,,2021-06-13 10:22:00,9,
1042,,,,2021-06-13 10:38:00,13,
1043,,,,2021-06-13 10:54:00,7,
1044,,,,2021-06-13 11:10:00,8,
1045,,,,2021-06-13 11:27:00,9,
1046,,,,2021-06-13 12:04:00,18,
1047,,,,2021-06-13 12:20:00,6,
1048,,,,2021-06-13 12:37:00,11,
1049,,,,2021-06-13 12:53:00,10,
1050,,,,2021-06-13 13:09:00,8,
1051,,,,2021-06-13 13:26:00,11,
1052,,,,2021-06-13 13:42:00,10,
1053,,,,2021-06-13 13:58:00,10,
1054,,,,2021-06-13 14:15:00,9,
1055,,,,2021-06-13 14:31:00,7,
1056,,,,2021-06-13 14:47:00,9,
1057,,,,2021-06-13 15:04:00,13,
1058,,,,2021-06-13 15:20:00,13,
1059,,,,2021-06-13 15:36:00,25,
1060,,,,2021-06-13 15:53:00,18,
1061,,,,2021-06-13 16:09:00,20,
1062,,,,2021-06-13 16:46:00,22,
1063,,,,2021-06-13 17:03:00,10,
1064,,,,2021-06-13 17:19:00,15,
1065,,,,2021-06-13 17:35:00,11,
1066,,,,2021-06-13 17:52:00,14,
1067,,,,2021-06-13 18:08:00,19,
1068,,,,2021-06-13 18:24:00,18,
1069,,,,2021-06-13 19:02:00,37,
1070,,,,2021-06-13 19:18:00,18,
1071,,,,2021-06-13 19:34:00,18,
1072,,,,2021-06-13 20:12:00,40,
1073,,,,2021-06-13 20:28:00,21,
1074,,,,2021-06-13 20:44:00,21,
1075,,,,2021-06-13 21:01:00,18,
1076,,,,2021-06-13 21:17:00,20,
1077,,,,2021-06-13 21:33:00,24,
1078,,,,2021-06-13 21:50:00,14,
1079,,,,2021-06-13 22:06:00,16,
1080,,,,2021-06-13 22:22:00,16,
1081,,,,2021-06-13 22:39:00,13,
1082,,,,2021-06-13 22:55:00,18,
1083,,,,2021-06-13 23:11:00,0,
1084,,,,2021-06-13 23:28:00,6,
1085,,,,2021-06-13 23:44:00,11,
1086,,,,2021-06-14 00:00:00,9,
1087,,,,2021-06-14 00:17:00,8,
1088,,,,2021-06-14 00:33:00,12,
1089,,,,2021-06-14 00:49:00,12,
1090,,,,2021-06-14 01:27:00,11,
1091,,,,2021-06-14 01:43:00,11,
1092,,,,2021-06-14 01:59:00,17,
1093,,,,2021-06-14 02:16:00,10,
1094,,,,2021-06-14 02:32:00,15,
1095,,,,2021-06-14 02:48:00,9,
1096,,,,2021-06-14 03:05:00,11,
1097,,,,2021-06-14 03:21:00,15,
1098,,,,2021-06-14 03:37:00,10,
1099,,,,2021-06-14 03:54:00,10,
1100,,,,2021-06-14 04:10:00,9,
1101,,,,2021-06-14 04:26:00,10,
1102,,,,2021-06-14 04:43:00,9,
1103,,,,2021-06-14 04:59:00,13,
1104,,,,2021-06-14 05:15:00,10,
1105,,,,2021-06-14 05:32:00,13,
1106,,,,2021-06-14 05:48:00,14,
1107,,,,2021-06-14 06:04:00,17,
1108,,,,2021-06-14 06:21:00,9,
1109,,,,2021-06-14 06:58:00,10,
1110,,,,2021-06-14 07:14:00,11,
1111,,,,2021-06-14 07:31:00,12,
1112,,,,2021-06-14 07:47:00,9,
1113,,,,2021-06-14 08:03:00,9,
1114,,,,2021-06-14 08:20:00,8,
1115,,,,2021-06-14 08:36:00,10,
1116,,,,2021-06-14 08:52:00,12,
1117,,,,2021-06-14 09:09:00,13,
1118,,,,2021-06-14 09:25:00,10,
1119,,,,2021-06-14 09:41:00,17,
1120,,,,2021-06-14 09:58:00,8,
1121,,,,2021-06-14 10:14:00,6,
1122,,,,2021-06-14 10:30:00,11,
1123,,,,2021-06-14 10:46:00,9,
1124,,,,2021-06-14 11:03:00,10,
1125,,,,2021-06-14 12:22:00,37,
1126,,,,2021-06-14 12:39:00,10,
1127,,,,2021-06-14 12:55:00,18,
1128,,,,2021-06-14 13:11:00,19,
1129,,,,2021-06-14 13:28:00,14,
1130,,,,2021-06-14 13:44:00,11,
1131,,,,2021-06-14 14:00:00,19,
1132,,,,2021-06-14 14:17:00,14,
1133,,,,2021-06-14 14:33:00,20,
1134,,,,2021-06-14 15:10:00,38,
1135,,,,2021-06-14 15:27:00,23,
1136,,,,2021-06-14 15:43:00,20,
1137,,,,2021-06-14 15:59:00,17,
1138,,,,2021-06-14 16:16:00,21,
1139,,,,2021-06-14 16:32:00,18,
1140,,,,2021-06-14 16:48:00,23,
1141,,,,2021-06-14 17:05:00,20,
1142,,,,2021-06-14 17:21:00,20,
1143,,,,2021-06-14 17:37:00,22,
1144,,,,2021-06-14 17:54:00,19,
1145,,,,2021-06-14 18:10:00,23,
1146,,,,2021-06-14 18:26:00,25,
1147,,,,2021-06-14 18:43:00,18,
1148,,,,2021-06-14 18:59:00,17,
1149,,,,2021-06-14 19:15:00,13,
1150,,,,2021-06-14 19:32:00,9,
1151,,,,2021-06-14 19:48:00,10,
1152,,,,2021-06-14 20:04:00,12,
1153,,,,2021-06-14 20:21:00,11,
1154,,,,2021-06-14 20:37:00,9,
1155,,,,2021-06-14 20:53:00,9,
1156,,,,2021-06-14 21:09:00,10,
1157,,,,2021-06-14 21:26:00,8,
1158,,,,2021-06-14 21:42:00,23,
1159,,,,2021-06-14 21:58:00,13,
1160,,,,2021-06-14 22:15:00,11,
1161,,,,2021-06-14 22:31:00,11,
1162,,,,2021-06-14 23:08:00,16,
1163,,,,2021-06-14 23:25:00,6,
1164,,,,2021-06-14 23:41:00,11,
1165,,,,2021-06-14 23:57:00,14,
1166,,,,2021-06-15 00:14:00,7,
1167,,,,2021-06-15 00:30:00,8,
1168,,,,2021-06-15 00:46:00,14,
1169,,,,2021-06-15 01:03:00,11,
1170,,,,2021-06-15 01:19:00,14,
1171,,,,2021-06-15 01:35:00,82,
1172,,,,2021-06-15 01:52:00,12,
1173,,,,2021-06-15 02:08:00,12,
1174,,,,2021-06-15 02:24:00,66,
1175,,,,2021-06-15 02:41:00,145,
1176,,,,2021-06-15 02:57:00,23,
1177,,,,2021-06-15 03:13:00,43,
1178,,,,2021-06-15 03:30:00,187,
1179,,,,2021-06-15 03:46:00,214,
1180,,,,2021-06-15 04:02:00,197,
1181,,,,2021-06-15 04:19:00,148,
1182,,,,2021-06-15 04:35:00,205,
1183,,,,2021-06-15 04:51:00,238,
1184,,,,2021-06-15 05:08:00,239,
1185,,,,2021-06-15 05:24:00,69,
1186,,,,2021-06-15 05:40:00,144,
1187,,,,2021-06-15 05:57:00,88,
1188,,,,2021-06-15 06:13:00,242,
1189,,,,2021-06-15 06:29:00,158,
1190,,,,2021-06-15 06:46:00,324,
1191,,,,2021-06-15 07:02:00,327,
1192,,,,2021-06-15 07:19:00,162,
1193,,,,2021-06-15 07:35:00,173,
1194,,,,2021-06-15 07:51:00,88,
1195,,,,2021-06-15 08:08:00,72,
1196,,,,2021-06-15 08:24:00,70,
1197,,,,2021-06-15 08:40:00,79,
1198,,,,2021-06-15 08:56:00,120,
1199,,,,2021-06-15 09:13:00,173,
1200,,,,2021-06-15 09:29:00,132,
1201,,,,2021-06-15 09:45:00,115,
1202,,,,2021-06-15 10:02:00,212,
1203,,,,2021-06-15 10:18:00,197,
1204,,,,2021-06-15 10:34:00,103,
1205,,,,2021-06-15 10:51:00,106,
1206,,,,2021-06-15 11:07:00,57,
1207,,,,2021-06-15 11:23:00,1138,
1208,,,,2021-06-15 11:40:00,24,
1209,,,,2021-06-15 11:56:00,16,
1210,,,,2021-06-15 12:12:00,11,
1211,,,,2021-06-15 12:29:00,11,
1212,,,,2021-06-15 12:45:00,11,
1213,,,,2021-06-15 13:01:00,11,
1214,,,,2021-06-15 13:18:00,23,
1215,,,,2021-06-15 13:34:00,23,
1216,,,,2021-06-15 13:50:00,20,
1217,,,,2021-06-15 14:28:00,17,
1218,,,,2021-06-15 14:44:00,12,
1219,,,,2021-06-15 15:00:00,19,
1220,,,,2021-06-15 15:17:00,15,
1221,,,,2021-06-15 15:33:00,21,
1222,,,,2021-06-15 16:10:00,29,
1223,,,,2021-06-15 16:27:00,20,
1224,,,,2021-06-15 16:43:00,26,
1225,,,,2021-06-15 16:59:00,14,
1226,,,,2021-06-15 17:16:00,20,
1227,,,,2021-06-15 17:32:00,11,
1228,,,,2021-06-15 17:48:00,16,
1229,,,,2021-06-15 18:05:00,20,
1230,,,,2021-06-15 18:21:00,25,
1231,,,,2021-06-15 18:37:00,16,
1232,,,,2021-06-15 18:54:00,17,
1233,,,,2021-06-15 19:10:00,27,
1234,,,,2021-06-15 19:26:00,30,
1235,,,,2021-06-15 19:42:00,17,
1236,,,,2021-06-15 19:59:00,22,
1237,,,,2021-06-15 20:15:00,43,
1238,,,,2021-06-15 20:52:00,39,
1239,,,,2021-06-15 21:09:00,17,
1240,,,,2021-06-15 21:25:00,16,
1241,,,,2021-06-15 21:41:00,23,
1242,,,,2021-06-15 21:58:00,11,
1243,,,,2021-06-15 22:14:00,15,
1244,,,,2021-06-15 22:30:00,26,
1245,,,,2021-06-15 22:47:00,20,
1246,,,,2021-06-15 23:03:00,23,
1247,,,,2021-06-15 23:19:00,11,
1248,,,,2021-06-15 23:36:00,9,
1249,,,,2021-06-15 23:52:00,14,
1250,,,,2021-06-16 00:08:00,9,
1251,,,,2021-06-16 00:25:00,11,
1252,,,,2021-06-16 00:41:00,11,
1253,,,,2021-06-16 00:57:00,11,
1254,,,,2021-06-16 01:14:00,9,
1255,,,,2021-06-16 01:30:00,9,
1256,,,,2021-06-16 01:46:00,9,
1257,,,,2021-06-16 02:03:00,9,
1258,,,,2021-06-16 02:19:00,7,
1259,,,,2021-06-16 02:35:00,12,
1260,,,,2021-06-16 02:52:00,18,
1261,,,,2021-06-16 03:29:00,7,
1262,,,,2021-06-16 03:45:00,8,
1263,,,,2021-06-16 04:02:00,10,
1264,,,,2021-06-16 04:18:00,11,
1265,,,,2021-06-16 04:34:00,10,
1266,,,,2021-06-16 04:51:00,10,
1267,,,,2021-06-16 05:07:00,9,
1268,,,,2021-06-16 05:23:00,10,
1269,,,,2021-06-16 05:40:00,8,
1270,,,,2021-06-16 05:56:00,11,
1271,,,,2021-06-16 06:12:00,8,
1272,,,,2021-06-16 06:29:00,11,
1273,,,,2021-06-16 06:45:00,10,
1274,,,,2021-06-16 07:02:00,9,
1275,,,,2021-06-16 07:18:00,12,
1276,,,,2021-06-16 07:34:00,10,
1277,,,,2021-06-16 07:51:00,13,
1278,,,,2021-06-16 08:07:00,12,
1279,,,,2021-06-16 08:23:00,12,
1280,,,,2021-06-16 08:40:00,13,
1281,,,,2021-06-16 08:56:00,10,
1282,,,,2021-06-16 09:12:00,14,
1283,,,,2021-06-16 09:29:00,13,
1284,,,,2021-06-16 09:45:00,10,
1285,,,,2021-06-16 10:01:00,8,
1286,,,,2021-06-16 10:18:00,8,
1287,,,,2021-06-16 10:34:00,13,
1288,,,,2021-06-16 10:50:00,108,
1289,,,,2021-06-16 11:07:00,16,
1290,,,,2021-06-16 11:23:00,139,
1291,,,,2021-06-16 11:39:00,14,
1292,,,,2021-06-16 11:56:00,22,
1293,,,,2021-06-16 12:12:00,10,
1294,,,,2021-06-16 12:29:00,18,
1295,,,,2021-06-16 12:46:00,12,
1296,,,,2021-06-16 13:02:00,12,
1297,,,,2021-06-16 13:18:00,12,
1298,,,,2021-06-16 13:35:00,16,
1299,,,,2021-06-16 13:51:00,17,
1300,,,,2021-06-16 14:07:00,19,
1301,,,,2021-06-16 14:24:00,7,
1302,,,,2021-06-16 14:40:00,15,
1303,,,,2021-06-16 14:56:00,15,
1304,,,,2021-06-16 15:13:00,16,
1305,,,,2021-06-16 15:29:00,10,
1306,,,,2021-06-16 15:45:00,15,
1307,,,,2021-06-16 16:03:00,22,
1308,,,,2021-06-16 16:19:00,10,
1309,,,,2021-06-16 16:35:00,14,
1310,,,,2021-06-16 16:52:00,14,
1311,,,,2021-06-16 17:08:00,13,
1312,,,,2021-06-16 17:24:00,12,
1313,,,,2021-06-16 17:41:00,14,
1314,,,,2021-06-16 17:57:00,12,
1315,,,,2021-06-16 18:13:00,15,
1316,,,,2021-06-16 18:30:00,14,
1317,,,,2021-06-16 18:46:00,11,
1318,,,,2021-06-16 19:02:00,11,
1319,,,,2021-06-16 19:19:00,20,
1320,,,,2021-06-16 19:35:00,17,
1321,,,,2021-06-16 19:51:00,18,
1322,,,,2021-06-16 20:08:00,22,
1323,,,,2021-06-16 20:24:00,16,
1324,,,,2021-06-16 20:40:00,15,
1325,,,,2021-06-16 20:57:00,16,
1326,,,,2021-06-16 21:13:00,23,
1327,,,,2021-06-16 21:29:00,18,
1328,,,,2021-06-16 22:28:00,37,
1329,,,,2021-06-16 22:44:00,12,
1330,,,,2021-06-16 23:00:00,10,
1331,,,,2021-06-16 23:17:00,14,
1332,,,,2021-06-16 23:33:00,8,
1333,,,,2021-06-16 23:49:00,7,
1334,,,,2021-06-17 00:27:00,19,
1335,,,,2021-06-17 00:43:00,11,
1336,,,,2021-06-17 00:59:00,11,
1337,,,,2021-06-17 01:16:00,14,
1338,,,,2021-06-17 01:32:00,11,
1339,,,,2021-06-17 01:48:00,9,
1340,,,,2021-06-17 02:05:00,10,
1341,,,,2021-06-17 02:21:00,12,
1342,,,,2021-06-17 02:37:00,10,
1343,,,,2021-06-17 02:54:00,10,
1344,,,,2021-06-17 03:10:00,8,
1345,,,,2021-06-17 03:26:00,8,
1346,,,,2021-06-17 03:43:00,8,
1347,,,,2021-06-17 03:59:00,7,
1348,,,,2021-06-17 04:15:00,10,
1349,,,,2021-06-17 04:53:00,9,
1350,,,,2021-06-17 05:09:00,7,
1351,,,,2021-06-17 05:25:00,9,
1352,,,,2021-06-17 05:42:00,10,
1353,,,,2021-06-17 05:58:00,13,
1354,,,,2021-06-17 06:14:00,12,
1355,,,,2021-06-17 06:31:00,12,
1356,,,,2021-06-17 06:47:00,10,
1357,,,,2021-06-17 07:24:00,13,
1358,,,,2021-06-17 07:41:00,13,
1359,,,,2021-06-17 07:57:00,6,
1360,,,,2021-06-17 08:13:00,7,
1361,,,,2021-06-17 08:29:00,10,
1362,,,,2021-06-17 08:46:00,11,
1363,,,,2021-06-17 09:23:00,14,
1364,,,,2021-06-17 09:39:00,9,
1365,,,,2021-06-17 09:56:00,10,
1366,,,,2021-06-17 10:12:00,15,
1367,,,,2021-06-17 10:28:00,26,
1368,,,,2021-06-17 10:45:00,59,
1369,,,,2021-06-17 11:01:00,196,
1370,,,,2021-06-17 11:18:00,1130,
1371,,,,2021-06-17 11:34:00,10,
1372,,,,2021-06-17 11:50:00,16,
1373,,,,2021-06-17 12:06:00,15,
1374,,,,2021-06-17 12:23:00,19,
1375,,,,2021-06-17 12:39:00,10,
1376,,,,2021-06-17 12:55:00,13,
1377,,,,2021-06-17 13:12:00,11,
1378,,,,2021-06-17 13:28:00,16,
1379,,,,2021-06-17 13:44:00,18,
1380,,,,2021-06-17 14:01:00,16,
1381,,,,2021-06-17 14:17:00,17,
1382,,,,2021-06-17 14:33:00,15,
1383,,,,2021-06-17 14:50:00,18,
1384,,,,2021-06-17 15:06:00,20,
1385,,,,2021-06-17 15:22:00,17,
1386,,,,2021-06-17 16:00:00,30,
1387,,,,2021-06-17 16:16:00,17,
1388,,,,2021-06-17 16:32:00,19,
1389,,,,2021-06-17 16:49:00,15,
1390,,,,2021-06-17 17:05:00,12,
1391,,,,2021-06-17 17:21:00,13,
1392,,,,2021-06-17 17:38:00,14,
1393,,,,2021-06-17 17:54:00,15,
1394,,,,2021-06-17 18:10:00,16,
1395,,,,2021-06-17 18:28:00,24,
1396,,,,2021-06-17 18:44:00,17,
1397,,,,2021-06-17 19:01:00,16,
1398,,,,2021-06-17 19:17:00,15,
1399,,,,2021-06-17 19:33:00,15,
1400,,,,2021-06-17 19:49:00,22,
1401,,,,2021-06-17 20:06:00,16,
1402,,,,2021-06-17 20:22:00,22,
1403,,,,2021-06-17 20:38:00,15,
1404,,,,2021-06-17 20:55:00,24,
1405,,,,2021-06-17 21:11:00,22,
1406,,,,2021-06-17 21:27:00,16,
1407,,,,2021-06-17 21:44:00,27,
1408,,,,2021-06-17 22:00:00,17,
1409,,,,2021-06-17 22:17:00,14,
1410,,,,2021-06-17 22:33:00,22,
1411,,,,2021-06-17 22:49:00,10,
1412,,,,2021-06-17 23:06:00,0,
1413,,,,2021-06-17 23:22:00,12,
1414,,,,2021-06-17 23:38:00,15,
1415,,,,2021-06-17 23:55:00,8,
1416,,,,2021-06-18 00:11:00,9,
1417,,,,2021-06-18 00:27:00,9,
1418,,,,2021-06-18 00:44:00,13,
1419,,,,2021-06-18 01:00:00,8,
1420,,,,2021-06-18 01:16:00,7,
1421,,,,2021-06-18 01:33:00,10,
1422,,,,2021-06-18 01:49:00,10,
1423,,,,2021-06-18 02:05:00,10,
1424,,,,2021-06-18 02:22:00,10,
1425,,,,2021-06-18 02:38:00,12,
1426,,,,2021-06-18 02:54:00,11,
1427,,,,2021-06-18 03:11:00,11,
1428,,,,2021-06-18 03:27:00,8,
1429,,,,2021-06-18 03:43:00,9,
1430,,,,2021-06-18 04:00:00,7,
1431,,,,2021-06-18 04:16:00,10,
1432,,,,2021-06-18 04:32:00,9,
1433,,,,2021-06-18 04:49:00,10,
1434,,,,2021-06-18 05:05:00,13,
1435,,,,2021-06-18 05:21:00,11,
1436,,,,2021-06-18 05:38:00,11,
1437,,,,2021-06-18 05:54:00,11,
1438,,,,2021-06-18 06:31:00,6,
1439,,,,2021-06-18 06:48:00,8,
1440,,,,2021-06-18 07:04:00,13,
1441,,,,2021-06-18 07:20:00,10,
1442,,,,2021-06-18 07:37:00,14,
1443,,,,2021-06-18 07:53:00,7,
1444,,,,2021-06-18 08:09:00,8,
1445,,,,2021-06-18 08:26:00,10,
1446,,,,2021-06-18 08:42:00,9,
1447,,,,2021-06-18 08:58:00,10,
1448,,,,2021-06-18 09:15:00,13,
1449,,,,2021-06-18 09:31:00,6,
1450,,,,2021-06-18 09:47:00,4,
1451,,,,2021-06-18 10:03:00,10,
1452,,,,2021-06-18 10:41:00,31,
1453,,,,2021-06-18 10:57:00,112,
1454,,,,2021-06-18 11:13:00,1132,
1455,,,,2021-06-18 11:30:00,12,
1456,,,,2021-06-18 11:46:00,16,
1457,,,,2021-06-18 12:02:00,17,
1458,,,,2021-06-18 12:19:00,17,
1459,,,,2021-06-18 12:35:00,17,
1460,,,,2021-06-18 12:51:00,13,
1461,,,,2021-06-18 13:08:00,14,
1462,,,,2021-06-18 13:24:00,21,
1463,,,,2021-06-18 13:40:00,21,
1464,,,,2021-06-18 13:57:00,20,
1465,,,,2021-06-18 14:34:00,35,
1466,,,,2021-06-18 14:50:00,16,
1467,,,,2021-06-18 15:07:00,21,
1468,,,,2021-06-18 15:23:00,20,
1469,,,,2021-06-18 15:39:00,19,
1470,,,,2021-06-18 15:56:00,16,
1471,,,,2021-06-18 16:12:00,19,
1472,,,,2021-06-18 16:28:00,16,
1473,,,,2021-06-18 16:45:00,19,
1474,,,,2021-06-18 17:01:00,15,
1475,,,,2021-06-18 17:17:00,26,
1476,,,,2021-06-18 17:34:00,15,
1477,,,,2021-06-18 17:50:00,17,
1478,,,,2021-06-18 18:06:00,21,
1479,,,,2021-06-18 18:23:00,20,
1480,,,,2021-06-18 18:39:00,21,
1481,,,,2021-06-18 18:55:00,14,
1482,,,,2021-06-18 19:12:00,19,
1483,,,,2021-06-18 19:28:00,17,
1484,,,,2021-06-18 19:45:00,22,
1485,,,,2021-06-18 20:01:00,17,
1486,,,,2021-06-18 20:17:00,13,
1487,,,,2021-06-18 20:33:00,11,
1488,,,,2021-06-18 20:50:00,7,
1489,,,,2021-06-18 21:06:00,8,
1490,,,,2021-06-18 21:22:00,12,
1491,,,,2021-06-18 21:39:00,14,
1492,,,,2021-06-18 21:55:00,15,
1493,,,,2021-06-18 22:32:00,31,
1494,,,,2021-06-18 22:48:00,29,
1495,,,,2021-06-18 23:05:00,15,
1496,,,,2021-06-18 23:21:00,8,
1497,,,,2021-06-18 23:37:00,9,
1498,,,,2021-06-18 23:54:00,6,
1499,,,,2021-06-19 00:10:00,7,
1500,,,,2021-06-19 00:26:00,8,
1501,,,,2021-06-19 00:43:00,8,
1502,,,,2021-06-19 00:59:00,9,
1503,,,,2021-06-19 01:15:00,11,
1504,,,,2021-06-19 01:32:00,10,
1505,,,,2021-06-19 02:09:00,12,
1506,,,,2021-06-19 02:25:00,8,
1507,,,,2021-06-19 02:42:00,9,
1508,,,,2021-06-19 02:58:00,11,
1509,,,,2021-06-19 03:14:00,14,
1510,,,,2021-06-19 03:31:00,17,
1511,,,,2021-06-19 03:47:00,11,
1512,,,,2021-06-19 04:03:00,11,
1513,,,,2021-06-19 04:20:00,13,
1514,,,,2021-06-19 04:36:00,11,
1515,,,,2021-06-19 04:52:00,10,
1516,,,,2021-06-19 05:09:00,8,
1517,,,,2021-06-19 05:25:00,8,
1518,,,,2021-06-19 05:41:00,12,
1519,,,,2021-06-19 05:58:00,8,
1520,,,,2021-06-19 06:35:00,9,
1521,,,,2021-06-19 06:51:00,10,
1522,,,,2021-06-19 07:08:00,12,
1523,,,,2021-06-19 07:24:00,11,
1524,,,,2021-06-19 07:40:00,9,
1525,,,,2021-06-19 07:57:00,11,
1526,,,,2021-06-19 08:13:00,9,
1527,,,,2021-06-19 08:29:00,13,
1528,,,,2021-06-19 08:46:00,8,
1529,,,,2021-06-19 09:02:00,10,
1530,,,,2021-06-19 09:18:00,10,
1531,,,,2021-06-19 09:34:00,9,
1532,,,,2021-06-19 09:51:00,11,
1533,,,,2021-06-19 10:07:00,11,
1534,,,,2021-06-19 10:23:00,13,
1535,,,,2021-06-19 10:40:00,19,
1536,,,,2021-06-19 11:17:00,39,
1537,,,,2021-06-19 11:33:00,14,
1538,,,,2021-06-19 11:50:00,13,
1539,,,,2021-06-19 12:06:00,21,
1540,,,,2021-06-19 12:22:00,19,
1541,,,,2021-06-19 12:39:00,16,
1542,,,,2021-06-19 12:55:00,17,
1543,,,,2021-06-19 13:11:00,14,
1544,,,,2021-06-19 13:28:00,26,
1545,,,,2021-06-19 13:44:00,21,
1546,,,,2021-06-19 14:00:00,21,
1547,,,,2021-06-19 14:17:00,24,
1548,,,,2021-06-19 14:34:00,26,
1549,,,,2021-06-19 14:51:00,23,
1550,,,,2021-06-19 15:07:00,23,
1551,,,,2021-06-19 15:23:00,26,
1552,,,,2021-06-19 15:40:00,19,
1553,,,,2021-06-19 15:56:00,20,
1554,,,,2021-06-19 16:12:00,21,
1555,,,,2021-06-19 16:29:00,19,
1556,,,,2021-06-19 16:45:00,19,
1557,,,,2021-06-19 17:01:00,20,
1558,,,,2021-06-19 17:17:00,27,
1559,,,,2021-06-19 17:34:00,23,
1560,,,,2021-06-19 17:50:00,14,
1561,,,,2021-06-19 18:07:00,26,
1562,,,,2021-06-19 18:23:00,25,
1563,,,,2021-06-19 18:39:00,19,
1564,,,,2021-06-19 18:55:00,50,
1565,,,,2021-06-19 19:12:00,24,
1566,,,,2021-06-19 19:28:00,24,
1567,,,,2021-06-19 19:44:00,23,
1568,,,,2021-06-19 20:01:00,11,
1569,,,,2021-06-19 20:17:00,17,
1570,,,,2021-06-19 20:33:00,19,
1571,,,,2021-06-19 20:50:00,14,
1572,,,,2021-06-19 21:27:00,18,
1573,,,,2021-06-19 21:43:00,6,
1574,,,,2021-06-19 22:00:00,9,
1575,,,,2021-06-19 22:37:00,18,
1576,,,,2021-06-19 22:53:00,9,
1577,,,,2021-06-19 23:10:00,14,
1578,,,,2021-06-19 23:26:00,10,
1579,,,,2021-06-19 23:42:00,12,
1580,,,,2021-06-19 23:59:00,9,
1581,,,,2021-06-20 00:15:00,10,
1582,,,,2021-06-20 00:31:00,11,
1583,,,,2021-06-20 00:48:00,9,
1584,,,,2021-06-20 01:04:00,11,
1585,,,,2021-06-20 01:20:00,6,
1586,,,,2021-06-20 01:37:00,11,
1587,,,,2021-06-20 01:53:00,10,
1588,,,,2021-06-20 02:09:00,8,
1589,,,,2021-06-20 02:26:00,7,
1590,,,,2021-06-20 02:42:00,11,
1591,,,,2021-06-20 03:15:00,12,
1592,,,,2021-06-20 03:31:00,12,
1593,,,,2021-06-20 03:47:00,12,
1594,,,,2021-06-20 04:04:00,12,
1595,,,,2021-06-20 04:20:00,7,
1596,,,,2021-06-20 04:36:00,11,
1597,,,,2021-06-20 04:53:00,10,
1598,,,,2021-06-20 05:09:00,12,
1599,,,,2021-06-20 05:25:00,8,
1600,,,,2021-06-20 05:42:00,10,
1601,,,,2021-06-20 05:58:00,11,
1602,,,,2021-06-20 06:14:00,13,
1603,,,,2021-06-20 06:30:00,41,
1604,,,,2021-06-20 06:47:00,14,
1605,,,,2021-06-20 07:03:00,11,
1606,,,,2021-06-20 07:19:00,13,
1607,,,,2021-06-20 07:36:00,8,
1608,,,,2021-06-20 07:52:00,10,
1609,,,,2021-06-20 08:08:00,11,
1610,,,,2021-06-20 08:25:00,17,
1611,,,,2021-06-20 08:41:00,10,
1612,,,,2021-06-20 08:57:00,14,
1613,,,,2021-06-20 09:30:00,8,
1614,,,,2021-06-20 09:46:00,13,
1615,,,,2021-06-20 10:03:00,8,
1616,,,,2021-06-20 10:19:00,9,
1617,,,,2021-06-20 10:35:00,11,
1618,,,,2021-06-20 10:52:00,13,
1619,,,,2021-06-20 11:08:00,105,
1620,,,,2021-06-20 11:24:00,12,
1621,,,,2021-06-20 11:41:00,10,
1622,,,,2021-06-20 11:57:00,25,
1623,,,,2021-06-20 12:13:00,7,
1624,,,,2021-06-20 12:30:00,25,
1625,,,,2021-06-20 13:07:00,30,
1626,,,,2021-06-20 13:23:00,17,
1627,,,,2021-06-20 13:40:00,23,
1628,,,,2021-06-20 13:56:00,23,
1629,,,,2021-06-20 14:12:00,16,
1630,,,,2021-06-20 14:29:00,19,
1631,,,,2021-06-20 14:45:00,18,
1632,,,,2021-06-20 15:01:00,25,
1633,,,,2021-06-20 15:18:00,26,
1634,,,,2021-06-20 15:34:00,20,
1635,,,,2021-06-20 15:50:00,22,
1636,,,,2021-06-20 16:07:00,18,
1637,,,,2021-06-20 16:23:00,20,
1638,,,,2021-06-20 16:39:00,19,
1639,,,,2021-06-20 16:55:00,18,
1640,,,,2021-06-20 17:33:00,37,
1641,,,,2021-06-20 17:49:00,21,
1642,,,,2021-06-20 18:05:00,24,
1643,,,,2021-06-20 18:22:00,19,
1644,,,,2021-06-20 18:38:00,17,
1645,,,,2021-06-20 18:54:00,22,
1646,,,,2021-06-20 19:11:00,18,
1647,,,,2021-06-20 19:27:00,20,
1648,,,,2021-06-20 19:43:00,24,
1649,,,,2021-06-20 20:00:00,12,
1650,,,,2021-06-20 20:16:00,19,
1651,,,,2021-06-20 20:32:00,19,
1652,,,,2021-06-20 20:49:00,17,
1653,,,,2021-06-20 21:05:00,14,
1654,,,,2021-06-20 21:21:00,21,
1655,,,,2021-06-20 21:38:00,19,
1656,,,,2021-06-20 21:54:00,21,
1657,,,,2021-06-20 22:10:00,14,
1658,,,,2021-06-20 22:27:00,24,
1659,,,,2021-06-20 22:43:00,16,
1660,,,,2021-06-20 22:59:00,19,
1661,,,,2021-06-20 23:16:00,0,
1662,,,,2021-06-20 23:32:00,12,
1663,,,,2021-06-20 23:48:00,10,
1664,,,,2021-06-21 00:05:00,11,
1665,,,,2021-06-21 00:21:00,11,
1666,,,,2021-06-21 00:38:00,10,
1667,,,,2021-06-21 00:54:00,17,
1668,,,,2021-06-21 01:10:00,11,
1669,,,,2021-06-21 01:26:00,11,
1670,,,,2021-06-21 01:43:00,12,
1671,,,,2021-06-21 01:59:00,14,
1672,,,,2021-06-21 02:15:00,10,
1673,,,,2021-06-21 02:32:00,10,
1674,,,,2021-06-21 02:48:00,12,
1675,,,,2021-06-21 03:04:00,9,
1676,,,,2021-06-21 03:21:00,9,
1677,,,,2021-06-21 03:37:00,85,
1678,,,,2021-06-21 03:53:00,10,
1679,,,,2021-06-21 04:10:00,14,
1680,,,,2021-06-21 04:26:00,9,
1681,,,,2021-06-21 04:42:00,11,
1682,,,,2021-06-21 04:59:00,13,
1683,,,,2021-06-21 05:15:00,8,
1684,,,,2021-06-21 05:31:00,6,
1685,,,,2021-06-21 05:48:00,9,
1686,,,,2021-06-21 06:04:00,14,
1687,,,,2021-06-21 06:20:00,12,
1688,,,,2021-06-21 06:37:00,12,
1689,,,,2021-06-21 06:53:00,10,
1690,,,,2021-06-21 07:09:00,12,
1691,,,,2021-06-21 07:26:00,12,
1692,,,,2021-06-21 07:42:00,63,
1693,,,,2021-06-21 07:58:00,15,
1694,,,,2021-06-21 08:15:00,91,
1695,,,,2021-06-21 08:31:00,15,
1696,,,,2021-06-21 08:47:00,17,
1697,,,,2021-06-21 09:03:00,10,
1698,,,,2021-06-21 09:20:00,12,
1699,,,,2021-06-21 09:57:00,21,
1700,,,,2021-06-21 10:13:00,14,
1701,,,,2021-06-21 10:30:00,15,
1702,,,,2021-06-21 10:46:00,13,
1703,,,,2021-06-21 11:02:00,18,
1704,,,,2021-06-21 11:19:00,21,
1705,,,,2021-06-21 11:35:00,24,
1706,,,,2021-06-21 11:51:00,22,
1707,,,,2021-06-21 12:08:00,15,
1708,,,,2021-06-21 12:24:00,27,
1709,,,,2021-06-21 12:57:00,16,
1710,,,,2021-06-21 13:13:00,14,
1711,,,,2021-06-21 13:29:00,20,
1712,,,,2021-06-21 13:46:00,18,
1713,,,,2021-06-21 14:02:00,17,
1714,,,,2021-06-21 14:18:00,21,
1715,,,,2021-06-21 14:35:00,16,
1716,,,,2021-06-21 14:51:00,16,
1717,,,,2021-06-21 15:07:00,22,
1718,,,,2021-06-21 15:24:00,18,
1719,,,,2021-06-21 15:40:00,26,
1720,,,,2021-06-21 15:56:00,27,
1721,,,,2021-06-21 16:13:00,20,
1722,,,,2021-06-21 16:29:00,21,
1723,,,,2021-06-21 16:45:00,18,
1724,,,,2021-06-21 17:18:00,15,
1725,,,,2021-06-21 17:34:00,23,
1726,,,,2021-06-21 18:12:00,29,
1727,,,,2021-06-21 18:28:00,26,
1728,,,,2021-06-21 18:44:00,24,
1729,,,,2021-06-21 19:01:00,22,
1730,,,,2021-06-21 19:17:00,20,
1731,,,,2021-06-21 19:33:00,18,
1732,,,,2021-06-21 19:50:00,24,
1733,,,,2021-06-21 20:06:00,28,
1734,,,,2021-06-21 20:22:00,46,
1735,,,,2021-06-21 20:38:00,20,
1736,,,,2021-06-21 20:55:00,13,
1737,,,,2021-06-21 21:11:00,12,
1738,,,,2021-06-21 21:28:00,0,
1739,,,,2021-06-21 22:05:00,18,
1740,,,,2021-06-21 22:21:00,14,
1741,,,,2021-06-21 22:38:00,11,
1742,,,,2021-06-21 22:54:00,6,
1743,,,,2021-06-21 23:10:00,6,
1744,,,,2021-06-21 23:27:00,7,
1745,,,,2021-06-21 23:43:00,7,
1746,,,,2021-06-21 23:59:00,7,
1747,,,,2021-06-22 00:16:00,11,
1748,,,,2021-06-22 00:32:00,8,
1749,,,,2021-06-22 00:48:00,10,
1750,,,,2021-06-22 01:05:00,9,
1751,,,,2021-06-22 01:21:00,8,
1752,,,,2021-06-22 01:37:00,9,
1753,,,,2021-06-22 01:54:00,11,
1754,,,,2021-06-22 02:10:00,10,
1755,,,,2021-06-22 02:26:00,11,
1756,,,,2021-06-22 02:42:00,10,
1757,,,,2021-06-22 03:20:00,12,
1758,,,,2021-06-22 04:18:00,17,
1759,,,,2021-06-22 04:56:00,17,
1760,,,,2021-06-22 05:12:00,11,
1761,,,,2021-06-22 05:28:00,11,
1762,,,,2021-06-22 05:44:00,10,
1763,,,,2021-06-22 06:01:00,8,
1764,,,,2021-06-22 06:17:00,10,
1765,,,,2021-06-22 06:34:00,11,
1766,,,,2021-06-22 06:50:00,10,
1767,,,,2021-06-22 07:06:00,9,
1768,,,,2021-06-22 07:22:00,8,
1769,,,,2021-06-22 07:39:00,13,
1770,,,,2021-06-22 07:55:00,11,
1771,,,,2021-06-22 08:12:00,10,
1772,,,,2021-06-22 08:28:00,10,
1773,,,,2021-06-22 08:44:00,15,
1774,,,,2021-06-22 09:00:00,12,
1775,,,,2021-06-22 09:17:00,11,
1776,,,,2021-06-22 09:33:00,13,
1777,,,,2021-06-22 09:49:00,11,
1778,,,,2021-06-22 10:06:00,9,
1779,,,,2021-06-22 10:22:00,10,
1780,,,,2021-06-22 10:38:00,14,
1781,,,,2021-06-22 10:55:00,12,
1782,,,,2021-06-22 11:27:00,16,
1783,,,,2021-06-22 11:44:00,12,
1784,,,,2021-06-22 12:00:00,8,
1785,,,,2021-06-22 12:16:00,6,
1786,,,,2021-06-22 12:33:00,8,
1787,,,,2021-06-22 13:05:00,8,
1788,,,,2021-06-22 13:22:00,13,
1789,,,,2021-06-22 13:38:00,6,
1790,,,,2021-06-22 13:54:00,8,
1791,,,,2021-06-22 14:11:00,12,
1792,,,,2021-06-22 14:27:00,20,
1793,,,,2021-06-22 14:43:00,14,
1794,,,,2021-06-22 15:00:00,9,
1795,,,,2021-06-22 15:16:00,12,
1796,,,,2021-06-22 15:53:00,17,
1797,,,,2021-06-22 16:09:00,9,
1798,,,,2021-06-22 16:42:00,11,
1799,,,,2021-06-22 16:58:00,10,
1800,,,,2021-06-22 17:15:00,12,
1801,,,,2021-06-22 17:31:00,12,
1802,,,,2021-06-22 17:47:00,16,
1803,,,,2021-06-22 18:04:00,17,
1804,,,,2021-06-22 18:20:00,15,
1805,,,,2021-06-22 18:36:00,8,
1806,,,,2021-06-22 18:53:00,0,
1807,,,,2021-06-22 19:09:00,14,
1808,,,,2021-06-22 19:26:00,14,
1809,,,,2021-06-22 19:42:00,17,
1810,,,,2021-06-22 19:58:00,25,
1811,,,,2021-06-22 20:15:00,24,
1812,,,,2021-06-22 20:31:00,23,
1813,,,,2021-06-22 20:47:00,20,
1814,,,,2021-06-22 21:04:00,20,
1815,,,,2021-06-22 21:41:00,16,
1816,,,,2021-06-22 21:57:00,27,
1817,,,,2021-06-22 22:14:00,12,
1818,,,,2021-06-22 22:51:00,13,
1819,,,,2021-06-22 23:07:00,12,
1820,,,,2021-06-22 23:23:00,8,
1821,,,,2021-06-22 23:40:00,8,
1822,,,,2021-06-22 23:56:00,11,
1823,,,,2021-06-23 00:12:00,13,
1824,,,,2021-06-23 00:29:00,11,
1825,,,,2021-06-23 00:45:00,9,
1826,,,,2021-06-23 01:22:00,11,
1827,,,,2021-06-23 01:39:00,9,
1828,,,,2021-06-23 01:55:00,5,
1829,,,,2021-06-23 02:11:00,7,
1830,,,,2021-06-23 02:28:00,9,
1831,,,,2021-06-23 02:44:00,12,
1832,,,,2021-06-23 03:00:00,9,
1833,,,,2021-06-23 03:17:00,9,
1834,,,,2021-06-23 03:33:00,13,
1835,,,,2021-06-23 03:49:00,9,
1836,,,,2021-06-23 04:06:00,8,
1837,,,,2021-06-23 04:22:00,11,
1838,,,,2021-06-23 04:38:00,10,
1839,,,,2021-06-23 04:55:00,10,
1840,,,,2021-06-23 05:11:00,12,
1841,,,,2021-06-23 05:27:00,14,
1842,,,,2021-06-23 05:44:00,12,
1843,,,,2021-06-23 06:00:00,11,
1844,,,,2021-06-23 06:16:00,14,
1845,,,,2021-06-23 06:33:00,16,
1846,,,,2021-06-23 06:49:00,11,
1847,,,,2021-06-23 07:05:00,16,
1848,,,,2021-06-23 07:22:00,11,
1849,,,,2021-06-23 07:38:00,13,
1850,,,,2021-06-23 07:54:00,10,
1851,,,,2021-06-23 08:11:00,10,
1852,,,,2021-06-23 08:27:00,10,
1853,,,,2021-06-23 08:43:00,9,
1854,,,,2021-06-23 09:00:00,9,
1855,,,,2021-06-23 09:16:00,10,
1856,,,,2021-06-23 09:49:00,6,
1857,,,,2021-06-23 10:05:00,11,
1858,,,,2021-06-23 10:21:00,12,
1859,,,,2021-06-23 10:38:00,12,
1860,,,,2021-06-23 10:54:00,36,
1861,,,,2021-06-23 11:10:00,1098,
1862,,,,2021-06-23 11:26:00,13,
1863,,,,2021-06-23 11:43:00,13,
1864,,,,2021-06-23 11:59:00,13,
1865,,,,2021-06-23 12:15:00,11,
1866,,,,2021-06-23 12:32:00,10,
1867,,,,2021-06-23 12:48:00,10,
1868,,,,2021-06-23 13:25:00,32,
1869,,,,2021-06-23 13:42:00,22,
1870,,,,2021-06-23 13:58:00,24,
1871,,,,2021-06-23 14:14:00,14,
1872,,,,2021-06-23 14:47:00,13,
1873,,,,2021-06-23 15:03:00,15,
1874,,,,2021-06-23 15:20:00,17,
1875,,,,2021-06-23 15:36:00,22,
1876,,,,2021-06-23 15:52:00,17,
1877,,,,2021-06-23 16:09:00,20,
1878,,,,2021-06-23 16:25:00,18,
1879,,,,2021-06-23 16:41:00,1536,
1880,,,,2021-06-23 16:58:00,17,
1881,,,,2021-06-23 17:35:00,33,
1882,,,,2021-06-23 17:51:00,17,
1883,,,,2021-06-23 18:08:00,17,
1884,,,,2021-06-23 18:24:00,14,
1885,,,,2021-06-23 18:40:00,14,
1886,,,,2021-06-23 19:18:00,32,
1887,,,,2021-06-23 19:34:00,14,
1888,,,,2021-06-23 19:50:00,18,
1889,,,,2021-06-23 20:28:00,33,
1890,,,,2021-06-23 20:44:00,23,
1891,,,,2021-06-23 21:00:00,23,
1892,,,,2021-06-23 21:17:00,23,
1893,,,,2021-06-23 21:33:00,21,
1894,,,,2021-06-23 21:49:00,15,
1895,,,,2021-06-23 22:06:00,18,
1896,,,,2021-06-23 22:22:00,22,
1897,,,,2021-06-23 22:38:00,15,
1898,,,,2021-06-23 22:55:00,12,
1899,,,,2021-06-23 23:11:00,12,
1900,,,,2021-06-23 23:27:00,12,
1901,,,,2021-06-23 23:44:00,10,
1902,,,,2021-06-24 00:00:00,10,
1903,,,,2021-06-24 00:16:00,9,
1904,,,,2021-06-24 00:32:00,10,
1905,,,,2021-06-24 00:49:00,9,
1906,,,,2021-06-24 01:05:00,9,
1907,,,,2021-06-24 01:21:00,8,
1908,,,,2021-06-24 01:38:00,10,
1909,,,,2021-06-24 01:54:00,9,
1910,,,,2021-06-24 02:10:00,9,
1911,,,,2021-06-24 02:27:00,10,
1912,,,,2021-06-24 02:43:00,9,
1913,,,,2021-06-24 02:59:00,10,
1914,,,,2021-06-24 03:16:00,13,
1915,,,,2021-06-24 03:32:00,6,
1916,,,,2021-06-24 03:48:00,14,
1917,,,,2021-06-24 04:05:00,7,
1918,,,,2021-06-24 04:42:00,15,
1919,,,,2021-06-24 05:19:00,14,
1920,,,,2021-06-24 05:36:00,9,
1921,,,,2021-06-24 05:52:00,9,
1922,,,,2021-06-24 06:08:00,12,
1923,,,,2021-06-24 06:25:00,14,
1924,,,,2021-06-24 06:41:00,11,
1925,,,,2021-06-24 06:57:00,11,
1926,,,,2021-06-24 07:14:00,10,
1927,,,,2021-06-24 07:30:00,7,
1928,,,,2021-06-24 07:46:00,7,
1929,,,,2021-06-24 08:03:00,11,
1930,,,,2021-06-24 08:19:00,15,
1931,,,,2021-06-24 08:35:00,12,
1932,,,,2021-06-24 08:52:00,11,
1933,,,,2021-06-24 09:08:00,14,
1934,,,,2021-06-24 09:24:00,12,
1935,,,,2021-06-24 09:41:00,9,
1936,,,,2021-06-24 09:57:00,11,
1937,,,,2021-06-24 10:13:00,9,
1938,,,,2021-06-24 10:30:00,5,
1939,,,,2021-06-24 10:46:00,18,
1940,,,,2021-06-24 11:02:00,16,
1941,,,,2021-06-24 11:18:00,9,
1942,,,,2021-06-24 11:35:00,14,
1943,,,,2021-06-24 11:51:00,14,
1944,,,,2021-06-24 12:07:00,19,
1945,,,,2021-06-24 12:24:00,19,
1946,,,,2021-06-24 12:40:00,15,
1947,,,,2021-06-24 12:56:00,12,
1948,,,,2021-06-24 13:13:00,13,
1949,,,,2021-06-24 13:29:00,15,
1950,,,,2021-06-24 13:45:00,16,
1951,,,,2021-06-24 14:02:00,24,
1952,,,,2021-06-24 14:18:00,9,
1953,,,,2021-06-24 14:34:00,19,
1954,,,,2021-06-24 14:51:00,16,
1955,,,,2021-06-24 15:07:00,17,
1956,,,,2021-06-24 15:23:00,18,
1957,,,,2021-06-24 16:01:00,29,
1958,,,,2021-06-24 16:17:00,19,
1959,,,,2021-06-24 16:33:00,17,
1960,,,,2021-06-24 16:50:00,12,
1961,,,,2021-06-24 17:06:00,18,
1962,,,,2021-06-24 17:22:00,16,
1963,,,,2021-06-24 17:39:00,16,
1964,,,,2021-06-24 17:55:00,17,
1965,,,,2021-06-24 18:11:00,14,
1966,,,,2021-06-24 18:28:00,19,
1967,,,,2021-06-24 18:44:00,11,
1968,,,,2021-06-24 19:00:00,16,
1969,,,,2021-06-24 19:17:00,19,
1970,,,,2021-06-24 19:33:00,17,
1971,,,,2021-06-24 19:49:00,10,
1972,,,,2021-06-24 20:06:00,18,
1973,,,,2021-06-24 20:22:00,18,
1974,,,,2021-06-24 20:38:00,13,
1975,,,,2021-06-24 20:55:00,20,
1976,,,,2021-06-24 21:48:00,19,
1977,,,,2021-06-24 22:05:00,17,
1978,,,,2021-06-24 22:21:00,14,
1979,,,,2021-06-24 22:37:00,13,
1980,,,,2021-06-24 23:10:00,11,
1981,,,,2021-06-24 23:47:00,12,
1982,,,,2021-06-25 00:25:00,15,
1983,,,,2021-06-25 00:41:00,8,
1984,,,,2021-06-25 00:57:00,6,
1985,,,,2021-06-25 01:14:00,11,
1986,,,,2021-06-25 01:30:00,12,
1987,,,,2021-06-25 01:46:00,15,
1988,,,,2021-06-25 02:02:00,6,
1989,,,,2021-06-25 02:19:00,12,
1990,,,,2021-06-25 02:35:00,10,
1991,,,,2021-06-25 02:51:00,9,
1992,,,,2021-06-25 03:08:00,12,
1993,,,,2021-06-25 03:24:00,9,
1994,,,,2021-06-25 03:40:00,11,
1995,,,,2021-06-25 03:57:00,13,
1996,,,,2021-06-25 04:13:00,10,
1997,,,,2021-06-25 04:50:00,12,
1998,,,,2021-06-25 05:07:00,8,
1999,,,,2021-06-25 05:23:00,8,
2000,,,,2021-06-25 05:39:00,10,
2001,,,,2021-06-25 05:56:00,13,
2002,,,,2021-06-25 06:12:00,14,
2003,,,,2021-06-25 06:28:00,7,
2004,,,,2021-06-25 06:45:00,11,
2005,,,,2021-06-25 07:01:00,8,
2006,,,,2021-06-25 07:17:00,12,
2007,,,,2021-06-25 07:34:00,7,
2008,,,,2021-06-25 07:50:00,9,
2009,,,,2021-06-25 08:06:00,8,
2010,,,,2021-06-25 08:23:00,9,
2011,,,,2021-06-25 08:39:00,15,
2012,,,,2021-06-25 08:55:00,8,
2013,,,,2021-06-25 09:12:00,7,
2014,,,,2021-06-25 09:28:00,11,
2015,,,,2021-06-25 09:44:00,8,
2016,,,,2021-06-25 10:01:00,16,
2017,,,,2021-06-25 10:17:00,10,
2018,,,,2021-06-25 10:33:00,11,
2019,,,,2021-06-25 10:50:00,81,
2020,,,,2021-06-25 11:06:00,174,
2021,,,,2021-06-25 11:22:00,341,
2022,,,,2021-06-25 11:38:00,17,
2023,,,,2021-06-25 11:55:00,20,
2024,,,,2021-06-25 12:11:00,17,
2025,,,,2021-06-25 12:28:00,18,
2026,,,,2021-06-25 12:44:00,18,
2027,,,,2021-06-25 13:00:00,12,
2028,,,,2021-06-25 13:16:00,20,
2029,,,,2021-06-25 13:33:00,14,
2030,,,,2021-06-25 13:49:00,17,
2031,,,,2021-06-25 14:05:00,15,
2032,,,,2021-06-25 14:22:00,24,
2033,,,,2021-06-25 14:38:00,20,
2034,,,,2021-06-25 14:54:00,19,
2035,,,,2021-06-25 15:11:00,16,
2036,,,,2021-06-25 15:27:00,19,
2037,,,,2021-06-25 15:43:00,17,
2038,,,,2021-06-25 16:00:00,18,
2039,,,,2021-06-25 16:16:00,21,
2040,,,,2021-06-25 16:32:00,22,
2041,,,,2021-06-25 16:49:00,18,
2042,,,,2021-06-25 17:05:00,21,
2043,,,,2021-06-25 17:21:00,16,
2044,,,,2021-06-25 17:38:00,20,
2045,,,,2021-06-25 17:54:00,21,
2046,,,,2021-06-25 18:10:00,20,
2047,,,,2021-06-25 18:27:00,21,
2048,,,,2021-06-25 18:43:00,12,
2049,,,,2021-06-25 18:59:00,23,
2050,,,,2021-06-25 19:16:00,20,
2051,,,,2021-06-25 19:32:00,24,
2052,,,,2021-06-25 19:48:00,28,
2053,,,,2021-06-25 20:05:00,23,
2054,,,,2021-06-25 20:21:00,25,
2055,,,,2021-06-25 20:58:00,34,
2056,,,,2021-06-25 21:15:00,23,
2057,,,,2021-06-25 21:31:00,22,
2058,,,,2021-06-25 21:47:00,16,
2059,,,,2021-06-25 22:04:00,23,
2060,,,,2021-06-25 22:20:00,8,
2061,,,,2021-06-25 22:36:00,14,
2062,,,,2021-06-25 22:53:00,17,
2063,,,,2021-06-25 23:09:00,15,
2064,,,,2021-06-25 23:25:00,18,
2065,,,,2021-06-25 23:42:00,0,
2066,,,,2021-06-25 23:58:00,8,
2067,,,,2021-06-26 00:14:00,12,
2068,,,,2021-06-26 00:31:00,6,
2069,,,,2021-06-26 00:47:00,10,
2070,,,,2021-06-26 01:24:00,20,
2071,,,,2021-06-26 01:41:00,12,
2072,,,,2021-06-26 01:57:00,7,
2073,,,,2021-06-26 02:13:00,9,
2074,,,,2021-06-26 02:30:00,6,
2075,,,,2021-06-26 02:46:00,12,
2076,,,,2021-06-26 03:02:00,6,
2077,,,,2021-06-26 03:19:00,12,
2078,,,,2021-06-26 03:35:00,9,
2079,,,,2021-06-26 03:51:00,9,
2080,,,,2021-06-26 04:08:00,12,
2081,,,,2021-06-26 04:45:00,14,
2082,,,,2021-06-26 05:02:00,9,
2083,,,,2021-06-26 05:18:00,9,
2084,,,,2021-06-26 05:34:00,20,
2085,,,,2021-06-26 05:51:00,14,
2086,,,,2021-06-26 06:07:00,8,
2087,,,,2021-06-26 06:23:00,8,
2088,,,,2021-06-26 06:39:00,9,
2089,,,,2021-06-26 06:56:00,12,
2090,,,,2021-06-26 07:12:00,9,
2091,,,,2021-06-26 07:28:00,8,
2092,,,,2021-06-26 07:45:00,8,
2093,,,,2021-06-26 08:01:00,13,
2094,,,,2021-06-26 08:17:00,8,
2095,,,,2021-06-26 08:55:00,17,
2096,,,,2021-06-26 09:11:00,9,
2097,,,,2021-06-26 09:27:00,8,
2098,,,,2021-06-26 09:44:00,7,
2099,,,,2021-06-26 10:00:00,9,
2100,,,,2021-06-26 10:16:00,8,
2101,,,,2021-06-26 10:33:00,13,
2102,,,,2021-06-26 10:49:00,7,
2103,,,,2021-06-26 11:47:00,26,
2104,,,,2021-06-26 12:04:00,11,
2105,,,,2021-06-26 12:20:00,14,
2106,,,,2021-06-26 12:36:00,15,
2107,,,,2021-06-26 12:53:00,9,
2108,,,,2021-06-26 13:09:00,10,
2109,,,,2021-06-26 13:25:00,17,
2110,,,,2021-06-26 13:42:00,14,
2111,,,,2021-06-26 13:58:00,21,
2112,,,,2021-06-26 14:14:00,19,
2113,,,,2021-06-26 14:31:00,19,
2114,,,,2021-06-26 14:47:00,22,
2115,,,,2021-06-26 15:03:00,16,
2116,,,,2021-06-26 15:20:00,20,
2117,,,,2021-06-26 15:36:00,20,
2118,,,,2021-06-26 15:52:00,22,
2119,,,,2021-06-26 16:09:00,23,
2120,,,,2021-06-26 16:25:00,18,
2121,,,,2021-06-26 16:41:00,18,
2122,,,,2021-06-26 16:58:00,20,
2123,,,,2021-06-26 17:14:00,22,
2124,,,,2021-06-26 17:30:00,21,
2125,,,,2021-06-26 17:47:00,26,
2126,,,,2021-06-26 18:03:00,21,
2127,,,,2021-06-26 18:19:00,25,
2128,,,,2021-06-26 18:36:00,18,
2129,,,,2021-06-26 18:52:00,26,
2130,,,,2021-06-26 19:08:00,22,
2131,,,,2021-06-26 19:25:00,27,
2132,,,,2021-06-26 19:41:00,22,
2133,,,,2021-06-26 19:57:00,17,
2134,,,,2021-06-26 20:13:00,20,
2135,,,,2021-06-26 20:30:00,19,
2136,,,,2021-06-26 20:46:00,16,
2137,,,,2021-06-26 21:02:00,23,
2138,,,,2021-06-26 21:19:00,30,
2139,,,,2021-06-26 21:35:00,22,
2140,,,,2021-06-26 21:51:00,19,
2141,,,,2021-06-26 22:08:00,22,
2142,,,,2021-06-26 22:24:00,19,
2143,,,,2021-06-26 22:40:00,18,
2144,,,,2021-06-26 22:57:00,14,
2145,,,,2021-06-26 23:13:00,8,
2146,,,,2021-06-26 23:29:00,10,
2147,,,,2021-06-26 23:46:00,9,
2148,,,,2021-06-27 00:02:00,11,
2149,,,,2021-06-27 00:18:00,6,
2150,,,,2021-06-27 00:35:00,14,
2151,,,,2021-06-27 00:51:00,7,
2152,,,,2021-06-27 01:07:00,10,
2153,,,,2021-06-27 01:24:00,12,
2154,,,,2021-06-27 01:40:00,11,
2155,,,,2021-06-27 01:56:00,12,
2156,,,,2021-06-27 02:13:00,8,
2157,,,,2021-06-27 02:29:00,8,
2158,,,,2021-06-27 02:45:00,7,
2159,,,,2021-06-27 03:02:00,8,
2160,,,,2021-06-27 03:18:00,8,
2161,,,,2021-06-27 03:34:00,9,
2162,,,,2021-06-27 03:51:00,13,
2163,,,,2021-06-27 04:07:00,7,
2164,,,,2021-06-27 04:23:00,9,
2165,,,,2021-06-27 04:40:00,7,
2166,,,,2021-06-27 04:56:00,8,
2167,,,,2021-06-27 05:12:00,12,
2168,,,,2021-06-27 05:29:00,11,
2169,,,,2021-06-27 05:45:00,8,
2170,,,,2021-06-27 06:01:00,12,
2171,,,,2021-06-27 06:18:00,12,
2172,,,,2021-06-27 06:34:00,11,
2173,,,,2021-06-27 06:50:00,11,
2174,,,,2021-06-27 07:06:00,12,
2175,,,,2021-06-27 07:23:00,12,
2176,,,,2021-06-27 07:39:00,12,
2177,,,,2021-06-27 07:55:00,10,
2178,,,,2021-06-27 08:12:00,8,
2179,,,,2021-06-27 08:28:00,11,
2180,,,,2021-06-27 08:44:00,11,
2181,,,,2021-06-27 09:01:00,8,
2182,,,,2021-06-27 09:17:00,11,
2183,,,,2021-06-27 09:33:00,13,
2184,,,,2021-06-27 09:50:00,7,
2185,,,,2021-06-27 10:06:00,9,
2186,,,,2021-06-27 10:22:00,13,
2187,,,,2021-06-27 10:39:00,22,
2188,,,,2021-06-27 10:55:00,83,
2189,,,,2021-06-27 11:11:00,1117,
2190,,,,2021-06-27 11:28:00,25,
2191,,,,2021-06-27 11:44:00,18,
2192,,,,2021-06-27 12:00:00,16,
2193,,,,2021-06-27 12:17:00,16,
2194,,,,2021-06-27 12:33:00,19,
2195,,,,2021-06-27 12:49:00,13,
2196,,,,2021-06-27 13:06:00,13,
2197,,,,2021-06-27 13:22:00,13,
2198,,,,2021-06-27 13:38:00,17,
2199,,,,2021-06-27 13:55:00,18,
2200,,,,2021-06-27 14:11:00,18,
2201,,,,2021-06-27 14:27:00,23,
2202,,,,2021-06-27 14:44:00,23,
2203,,,,2021-06-27 15:00:00,19,
2204,,,,2021-06-27 15:16:00,21,
2205,,,,2021-06-27 15:33:00,28,
2206,,,,2021-06-27 15:49:00,22,
2207,,,,2021-06-27 16:05:00,22,
2208,,,,2021-06-27 16:21:00,21,
2209,,,,2021-06-27 16:38:00,25,
2210,,,,2021-06-27 16:54:00,20,
2211,,,,2021-06-27 17:11:00,22,
2212,,,,2021-06-27 17:27:00,15,
2213,,,,2021-06-27 17:43:00,45,
2214,,,,2021-06-27 17:59:00,21,
2215,,,,2021-06-27 18:16:00,23,
2216,,,,2021-06-27 18:32:00,25,
2217,,,,2021-06-27 18:48:00,22,
2218,,,,2021-06-27 19:05:00,23,
2219,,,,2021-06-27 19:21:00,21,
2220,,,,2021-06-27 19:37:00,20,
2221,,,,2021-06-27 20:15:00,37,
2222,,,,2021-06-27 20:31:00,23,
2223,,,,2021-06-27 20:47:00,11,
2224,,,,2021-06-27 21:04:00,22,
2225,,,,2021-06-27 21:20:00,21,
2226,,,,2021-06-27 21:36:00,29,
2227,,,,2021-06-27 21:53:00,24,
2228,,,,2021-06-27 22:09:00,23,
2229,,,,2021-06-27 22:25:00,23,
2230,,,,2021-06-27 22:42:00,20,
2231,,,,2021-06-27 22:58:00,17,
2232,,,,2021-06-27 23:14:00,17,
2233,,,,2021-06-27 23:31:00,9,
2234,,,,2021-06-27 23:47:00,10,
2235,,,,2021-06-28 00:03:00,10,
2236,,,,2021-06-28 00:20:00,8,
2237,,,,2021-06-28 00:36:00,7,
2238,,,,2021-06-28 00:52:00,9,
2239,,,,2021-06-28 01:09:00,6,
2240,,,,2021-06-28 01:25:00,10,
2241,,,,2021-06-28 01:41:00,9,
2242,,,,2021-06-28 01:58:00,8,
2243,,,,2021-06-28 02:14:00,10,
2244,,,,2021-06-28 02:30:00,8,
2245,,,,2021-06-28 02:47:00,15,
2246,,,,2021-06-28 03:03:00,12,
2247,,,,2021-06-28 03:19:00,10,
2248,,,,2021-06-28 03:36:00,11,
2249,,,,2021-06-28 03:52:00,11,
2250,,,,2021-06-28 04:08:00,7,
2251,,,,2021-06-28 04:24:00,10,
2252,,,,2021-06-28 04:41:00,8,
2253,,,,2021-06-28 04:57:00,9,
2254,,,,2021-06-28 05:13:00,6,
2255,,,,2021-06-28 05:30:00,8,
2256,,,,2021-06-28 05:46:00,12,
2257,,,,2021-06-28 06:02:00,12,
2258,,,,2021-06-28 06:19:00,8,
2259,,,,2021-06-28 06:35:00,8,
2260,,,,2021-06-28 06:51:00,13,
2261,,,,2021-06-28 07:08:00,9,
2262,,,,2021-06-28 07:24:00,10,
2263,,,,2021-06-28 07:40:00,8,
2264,,,,2021-06-28 07:57:00,12,
2265,,,,2021-06-28 08:13:00,9,
2266,,,,2021-06-28 08:29:00,9,
2267,,,,2021-06-28 08:46:00,10,
2268,,,,2021-06-28 09:02:00,9,
2269,,,,2021-06-28 09:18:00,10,
2270,,,,2021-06-28 09:35:00,9,
2271,,,,2021-06-28 09:51:00,10,
2272,,,,2021-06-28 10:07:00,11,
2273,,,,2021-06-28 10:24:00,15,
2274,,,,2021-06-28 10:40:00,23,
2275,,,,2021-06-28 10:56:00,33,
2276,,,,2021-06-28 11:34:00,38,
2277,,,,2021-06-28 11:50:00,18,
2278,,,,2021-06-28 12:06:00,22,
2279,,,,2021-06-28 12:23:00,24,
2280,,,,2021-06-28 12:39:00,15,
2281,,,,2021-06-28 12:55:00,15,
2282,,,,2021-06-28 13:12:00,19,
2283,,,,2021-06-28 13:28:00,16,
2284,,,,2021-06-28 13:44:00,24,
2285,,,,2021-06-28 14:01:00,27,
2286,,,,2021-06-28 14:17:00,19,
2287,,,,2021-06-28 14:33:00,19,
2288,,,,2021-06-28 14:49:00,29,
2289,,,,2021-06-28 15:06:00,17,
2290,,,,2021-06-28 15:22:00,29,
2291,,,,2021-06-28 15:39:00,21,
2292,,,,2021-06-28 15:55:00,21,
2293,,,,2021-06-28 16:11:00,19,
2294,,,,2021-06-28 16:27:00,29,
2295,,,,2021-06-28 16:44:00,21,
2296,,,,2021-06-28 17:00:00,23,
2297,,,,2021-06-28 17:16:00,25,
2298,,,,2021-06-28 17:33:00,22,
2299,,,,2021-06-28 17:49:00,27,
2300,,,,2021-06-28 18:27:00,45,
2301,,,,2021-06-28 18:43:00,31,
2302,,,,2021-06-28 18:59:00,23,
2303,,,,2021-06-28 19:16:00,23,
2304,,,,2021-06-28 19:32:00,15,
2305,,,,2021-06-28 19:48:00,22,
2306,,,,2021-06-28 20:26:00,36,
2307,,,,2021-06-28 20:42:00,21,
2308,,,,2021-06-28 20:58:00,19,
2309,,,,2021-06-28 21:14:00,25,
2310,,,,2021-06-28 21:31:00,19,
2311,,,,2021-06-28 21:47:00,20,
2312,,,,2021-06-28 22:03:00,22,
2313,,,,2021-06-28 22:20:00,25,
2314,,,,2021-06-28 22:36:00,19,
2315,,,,2021-06-28 22:52:00,19,
2316,,,,2021-06-28 23:09:00,0,
2317,,,,2021-06-28 23:25:00,9,
2318,,,,2021-06-28 23:42:00,12,
2319,,,,2021-06-28 23:58:00,10,
2320,,,,2021-06-29 00:14:00,10,
2321,,,,2021-06-29 00:30:00,11,
2322,,,,2021-06-29 00:47:00,7,
2323,,,,2021-06-29 01:03:00,8,
2324,,,,2021-06-29 01:40:00,21,
2325,,,,2021-06-29 02:18:00,21,
2326,,,,2021-06-29 02:34:00,9,
2327,,,,2021-06-29 02:50:00,9,
2328,,,,2021-06-29 03:07:00,9,
2329,,,,2021-06-29 03:23:00,10,
2330,,,,2021-06-29 03:39:00,6,
2331,,,,2021-06-29 03:56:00,7,
2332,,,,2021-06-29 04:12:00,6,
2333,,,,2021-06-29 04:28:00,7,
2334,,,,2021-06-29 04:45:00,8,
2335,,,,2021-06-29 05:01:00,9,
2336,,,,2021-06-29 05:17:00,7,
2337,,,,2021-06-29 05:34:00,8,
2338,,,,2021-06-29 05:50:00,8,
2339,,,,2021-06-29 06:06:00,7,
2340,,,,2021-06-29 06:23:00,6,
2341,,,,2021-06-29 06:39:00,7,
2342,,,,2021-06-29 06:55:00,8,
2343,,,,2021-06-29 07:12:00,7,
2344,,,,2021-06-29 07:28:00,8,
2345,,,,2021-06-29 07:44:00,8,
2346,,,,2021-06-29 08:22:00,13,
2347,,,,2021-06-29 08:38:00,9,
2348,,,,2021-06-29 08:54:00,15,
2349,,,,2021-06-29 09:11:00,10,
2350,,,,2021-06-29 09:27:00,8,
2351,,,,2021-06-29 09:43:00,11,
2352,,,,2021-06-29 10:00:00,6,
2353,,,,2021-06-29 10:16:00,10,
2354,,,,2021-06-29 10:32:00,18,
2355,,,,2021-06-29 10:49:00,33,
2356,,,,2021-06-29 11:05:00,34,
2357,,,,2021-06-29 11:21:00,1128,
2358,,,,2021-06-29 11:38:00,20,
2359,,,,2021-06-29 11:54:00,18,
2360,,,,2021-06-29 12:10:00,12,
2361,,,,2021-06-29 12:26:00,18,
2362,,,,2021-06-29 12:43:00,12,
2363,,,,2021-06-29 12:59:00,12,
2364,,,,2021-06-29 13:15:00,15,
2365,,,,2021-06-29 13:32:00,16,
2366,,,,2021-06-29 13:48:00,19,
2367,,,,2021-06-29 14:04:00,26,
2368,,,,2021-06-29 14:21:00,26,
2369,,,,2021-06-29 14:37:00,21,
2370,,,,2021-06-29 14:53:00,22,
2371,,,,2021-06-29 15:10:00,24,
2372,,,,2021-06-29 15:26:00,19,
2373,,,,2021-06-29 15:42:00,25,
2374,,,,2021-06-29 16:20:00,43,
2375,,,,2021-06-29 16:36:00,17,
2376,,,,2021-06-29 16:52:00,26,
2377,,,,2021-06-29 17:09:00,19,
2378,,,,2021-06-29 17:25:00,22,
2379,,,,2021-06-29 17:41:00,25,
2380,,,,2021-06-29 17:58:00,26,
2381,,,,2021-06-29 18:14:00,22,
2382,,,,2021-06-29 18:30:00,26,
2383,,,,2021-06-29 18:48:00,37,
2384,,,,2021-06-29 19:04:00,25,
2385,,,,2021-06-29 19:21:00,20,
2386,,,,2021-06-29 19:37:00,29,
2387,,,,2021-06-29 19:53:00,26,
2388,,,,2021-06-29 20:10:00,21,
2389,,,,2021-06-29 20:26:00,25,
2390,,,,2021-06-29 20:42:00,29,
2391,,,,2021-06-29 20:59:00,25,
2392,,,,2021-06-29 21:15:00,14,
2393,,,,2021-06-29 21:31:00,11,
2394,,,,2021-06-29 21:48:00,19,
2395,,,,2021-06-29 22:04:00,19,
2396,,,,2021-06-29 22:20:00,22,
2397,,,,2021-06-29 22:37:00,15,
2398,,,,2021-06-29 22:53:00,22,
2399,,,,2021-06-29 23:09:00,16,
2400,,,,2021-06-29 23:26:00,13,
2401,,,,2021-06-29 23:42:00,14,
2402,,,,2021-06-30 00:19:00,21,
2403,,,,2021-06-30 00:36:00,9,
2404,,,,2021-06-30 00:52:00,11,
2405,,,,2021-06-30 01:08:00,8,
2406,,,,2021-06-30 01:25:00,5,
2407,,,,2021-06-30 01:41:00,11,
2408,,,,2021-06-30 01:57:00,10,
2409,,,,2021-06-30 02:14:00,7,
2410,,,,2021-06-30 02:30:00,12,
2411,,,,2021-06-30 02:46:00,11,
2412,,,,2021-06-30 03:02:00,8,
2413,,,,2021-06-30 03:19:00,9,
2414,,,,2021-06-30 03:35:00,8,
2415,,,,2021-06-30 03:51:00,8,
2416,,,,2021-06-30 04:08:00,9,
2417,,,,2021-06-30 04:24:00,7,
2418,,,,2021-06-30 04:41:00,10,
2419,,,,2021-06-30 04:57:00,8,
2420,,,,2021-06-30 05:13:00,10,
2421,,,,2021-06-30 05:29:00,5,
2422,,,,2021-06-30 05:46:00,9,
2423,,,,2021-06-30 06:02:00,8,
2424,,,,2021-06-30 06:18:00,11,
2425,,,,2021-06-30 06:35:00,40,
2426,,,,2021-06-30 06:51:00,8,
2427,,,,2021-06-30 07:07:00,12,
2428,,,,2021-06-30 07:24:00,15,
2429,,,,2021-06-30 07:40:00,7,
2430,,,,2021-06-30 07:56:00,9,
2431,,,,2021-06-30 08:13:00,7,
2432,,,,2021-06-30 08:50:00,18,
2433,,,,2021-06-30 09:06:00,10,
2434,,,,2021-06-30 09:23:00,10,
2435,,,,2021-06-30 09:39:00,10,
2436,,,,2021-06-30 09:55:00,10,
2437,,,,2021-06-30 10:12:00,8,
2438,,,,2021-06-30 10:28:00,12,
2439,,,,2021-06-30 11:05:00,36,
2440,,,,2021-06-30 11:22:00,1122,
2441,,,,2021-06-30 11:38:00,18,
2442,,,,2021-06-30 11:54:00,19,
2443,,,,2021-06-30 12:11:00,11,
2444,,,,2021-06-30 12:27:00,20,
2445,,,,2021-06-30 12:43:00,17,
2446,,,,2021-06-30 13:00:00,22,
2447,,,,2021-06-30 13:16:00,16,
2448,,,,2021-06-30 13:32:00,14,
2449,,,,2021-06-30 13:49:00,22,
2450,,,,2021-06-30 14:05:00,26,
2451,,,,2021-06-30 14:21:00,25,
2452,,,,2021-06-30 14:38:00,22,
2453,,,,2021-06-30 14:54:00,19,
2454,,,,2021-06-30 15:10:00,33,
2455,,,,2021-06-30 15:27:00,22,
2456,,,,2021-06-30 15:43:00,21,
2457,,,,2021-06-30 15:59:00,23,
2458,,,,2021-06-30 16:15:00,24,
2459,,,,2021-06-30 16:32:00,22,
2460,,,,2021-06-30 16:48:00,25,
2461,,,,2021-06-30 17:04:00,27,
2462,,,,2021-06-30 17:21:00,24,
2463,,,,2021-06-30 17:37:00,21,
2464,,,,2021-06-30 17:53:00,21,
2465,,,,2021-06-30 18:10:00,21,
2466,,,,2021-06-30 18:26:00,24,
2467,,,,2021-06-30 18:42:00,23,
2468,,,,2021-06-30 18:59:00,25,
2469,,,,2021-06-30 19:15:00,26,
2470,,,,2021-06-30 19:31:00,25,
2471,,,,2021-06-30 19:48:00,28,
2472,,,,2021-06-30 20:04:00,19,
2473,,,,2021-06-30 20:20:00,12,
2474,,,,2021-06-30 20:37:00,0,
2475,,,,2021-06-30 20:53:00,11,
2476,,,,2021-06-30 21:09:00,10,
2477,,,,2021-06-30 21:26:00,14,
2478,,,,2021-06-30 21:42:00,14,
2479,,,,2021-06-30 21:58:00,22,
2480,,,,2021-06-30 22:15:00,26,
2481,,,,2021-06-30 22:52:00,14,
2482,,,,2021-06-30 23:08:00,12,
2483,,,,2021-06-30 23:25:00,8,
2484,,,,2021-06-30 23:41:00,8,
2485,,,,2021-06-30 23:57:00,6,
